timestamp,brockerCode,price,quantity,action,ticker
1/2/2019,NYSE,62.02,5,Buy,TSLA
1/2/2019,NYSE,24.96,4,Buy,BAC
1/2/2019,NASDAQ,323.81,5,Buy,BA
1/2/2019,NASDAQ,46.93,10,Buy,KO
1/2/2019,NASDAQ,1539.13,4,Buy,AMZN
1/2/2019,NASDAQ,267.66,5,Buy,NFLX
1/3/2019,NYSE,60.07,3,Buy,TSLA
1/3/2019,NASDAQ,24.56,2,Buy,BAC
1/3/2019,NASDAQ,310.90,5,Buy,BA
1/3/2019,NASDAQ,46.64,2,Buy,KO
1/3/2019,NASDAQ,1500.28,4,Buy,AMZN
1/3/2019,NASDAQ,271.20,4,Buy,NFLX
1/4/2019,NASDAQ,25.58,2,Sell,BAC
1/4/2019,NYSE,327.08,3,Sell,BA
1/4/2019,NYSE,47.57,4,Sell,KO
1/4/2019,NASDAQ,1575.39,2,Sell,AMZN
1/4/2019,NYSE,297.57,3,Sell,NFLX
1/7/2019,NYSE,25.56,2,Sell,BAC
1/7/2019,NASDAQ,328.11,3,Buy,BA
1/7/2019,NASDAQ,46.95,4,Buy,KO
1/7/2019,NYSE,1629.51,2,Buy,AMZN
1/7/2019,NASDAQ,315.34,6,Buy,NFLX
1/8/2019,NASDAQ,25.51,2,Buy,BAC
1/8/2019,NYSE,340.53,4,Sell,BA
1/8/2019,NYSE,1656.58,2,Sell,AMZN
1/8/2019,NASDAQ,320.27,5,Sell,NFLX
1/9/2019,NYSE,67.71,4,Sell,TSLA
1/9/2019,NASDAQ,25.76,3,Sell,BAC
1/9/2019,NYSE,343.83,6,Buy,BA
1/9/2019,NASDAQ,1659.42,2,Buy,AMZN
1/9/2019,NASDAQ,319.96,2,Buy,NFLX
1/10/2019,NASDAQ,68.99,6,Buy,TSLA
1/10/2019,NASDAQ,25.73,2,Buy,BAC
1/10/2019,NYSE,352.61,10,Buy,BA
1/10/2019,NASDAQ,1656.22,3,Sell,AMZN
1/10/2019,NYSE,324.66,4,Sell,NFLX
1/11/2019,NASDAQ,69.45,5,Sell,TSLA
1/11/2019,NASDAQ,352.90,2,Sell,BA
1/11/2019,NYSE,1640.56,2,Sell,AMZN
1/11/2019,NYSE,337.59,4,Sell,NFLX
1/14/2019,NASDAQ,350.36,4,Buy,BA
1/14/2019,NASDAQ,1617.21,3,Buy,AMZN
1/14/2019,NASDAQ,332.94,6,Buy,NFLX
1/16/2019,NYSE,46.92,6,Sell,KO
1/17/2019,NYSE,28.99,3,Buy,BAC
1/17/2019,NYSE,359.09,4,Sell,BA
1/17/2019,NYSE,47.06,5,Buy,KO
1/18/2019,NYSE,60.45,4,Buy,TSLA
1/18/2019,NYSE,29.30,4,Buy,BAC
1/18/2019,NASDAQ,364.73,6,Sell,BA
1/18/2019,NYSE,47.61,4,Buy,KO
1/22/2019,NASDAQ,59.78,4,Buy,TSLA
1/22/2019,NASDAQ,29.09,5,Buy,BAC
1/22/2019,NYSE,357.90,5,Buy,BA
1/22/2019,NASDAQ,47.72,2,Buy,KO
1/23/2019,NASDAQ,57.52,4,Sell,TSLA
1/23/2019,NASDAQ,28.92,5,Sell,BAC
1/23/2019,NYSE,358.61,4,Buy,BA
1/23/2019,NASDAQ,48.27,2,Buy,KO
1/24/2019,NASDAQ,58.30,4,Sell,TSLA
1/24/2019,NYSE,29.08,4,Buy,BAC
1/24/2019,NYSE,358.27,2,Buy,BA
1/24/2019,NYSE,47.69,2,Sell,KO
1/25/2019,NYSE,59.41,2,Buy,TSLA
1/25/2019,NASDAQ,29.58,3,Sell,BAC
1/25/2019,NASDAQ,364.20,2,Sell,BA
1/25/2019,NASDAQ,47.37,2,Buy,KO
1/25/2019,NYSE,1670.57,4,Sell,AMZN
1/25/2019,NASDAQ,338.05,5,Sell,NFLX
1/28/2019,NYSE,29.63,6,Buy,BAC
1/28/2019,NASDAQ,362.97,2,Sell,BA
1/28/2019,NASDAQ,47.17,1,Sell,KO
1/28/2019,NYSE,1637.89,5,Buy,AMZN
1/28/2019,NYSE,335.66,4,Buy,NFLX
1/29/2019,NYSE,29.39,10,Buy,BAC
1/29/2019,NASDAQ,47.40,2,Buy,KO
1/29/2019,NYSE,1593.88,5,Buy,AMZN
1/29/2019,NASDAQ,328.90,2,Buy,NFLX
1/30/2019,NYSE,29.07,2,Sell,BAC
1/30/2019,NYSE,47.86,2,Buy,KO
1/30/2019,NYSE,340.66,2,Sell,NFLX
1/31/2019,NYSE,61.40,2,Sell,TSLA
1/31/2019,NYSE,385.62,2,Sell,BA
1/31/2019,NYSE,48.13,2,Sell,KO
1/31/2019,NYSE,339.50,2,Sell,NFLX
2/1/2019,NASDAQ,62.44,2,Buy,TSLA
2/1/2019,NASDAQ,387.43,1,Buy,BA
2/1/2019,NASDAQ,48.70,5,Buy,KO
2/1/2019,NYSE,339.85,2,Buy,NFLX
2/4/2019,NASDAQ,397.00,2,Buy,BA
2/4/2019,NASDAQ,49.25,5,Sell,KO
2/4/2019,NASDAQ,351.34,1,Buy,NFLX
2/5/2019,NASDAQ,410.18,2,Sell,BA
2/5/2019,NYSE,49.26,3,Sell,KO
2/5/2019,NASDAQ,355.81,5,Buy,NFLX
2/6/2019,NYSE,411.11,2,Sell,BA
2/6/2019,NYSE,352.19,5,Buy,NFLX
2/7/2019,NYSE,61.50,2,Buy,TSLA
2/7/2019,NASDAQ,1614.37,4,Sell,AMZN
2/7/2019,NASDAQ,344.71,3,Sell,NFLX
2/8/2019,NYSE,61.16,3,Sell,TSLA
2/8/2019,NASDAQ,28.29,4,Sell,BAC
2/8/2019,NASDAQ,1588.22,3,Sell,AMZN
2/8/2019,NASDAQ,347.57,3,Sell,NFLX
2/11/2019,NYSE,62.57,2,Sell,TSLA
2/11/2019,NASDAQ,28.41,4,Buy,BAC
2/11/2019,NYSE,1591.00,6,Buy,AMZN
2/11/2019,NYSE,345.73,4,Buy,NFLX
2/12/2019,NASDAQ,62.36,3,Buy,TSLA
2/12/2019,NYSE,28.69,6,Sell,BAC
2/12/2019,NYSE,410.72,5,Buy,BA
2/12/2019,NASDAQ,1638.01,10,Buy,AMZN
2/12/2019,NASDAQ,359.97,6,Buy,NFLX
2/13/2019,NASDAQ,61.63,4,Buy,TSLA
2/13/2019,NASDAQ,28.70,5,Buy,BAC
2/13/2019,NASDAQ,410.58,5,Buy,BA
2/13/2019,NASDAQ,1640.00,2,Buy,AMZN
2/13/2019,NYSE,351.77,10,Sell,NFLX
2/14/2019,NYSE,60.75,5,Sell,TSLA
2/14/2019,NYSE,28.39,4,Buy,BAC
2/14/2019,NASDAQ,409.82,5,Buy,BA
2/14/2019,NYSE,1622.65,4,Buy,AMZN
2/14/2019,NYSE,359.07,2,Sell,NFLX
2/15/2019,NASDAQ,61.58,5,Sell,TSLA
2/15/2019,NYSE,29.11,2,Sell,BAC
2/15/2019,NYSE,417.97,5,Sell,BA
2/15/2019,NASDAQ,1607.95,4,Sell,AMZN
2/15/2019,NYSE,356.87,4,Buy,NFLX
2/19/2019,NASDAQ,61.13,4,Buy,TSLA
2/19/2019,NYSE,29.13,2,Sell,BAC
2/19/2019,NASDAQ,416.26,5,Sell,BA
2/19/2019,NASDAQ,44.83,5,Buy,KO
2/19/2019,NYSE,1627.58,6,Sell,AMZN
2/19/2019,NASDAQ,361.92,4,Buy,NFLX
2/20/2019,NASDAQ,60.51,3,Buy,TSLA
2/20/2019,NASDAQ,29.41,2,Buy,BAC
2/20/2019,NYSE,421.55,3,Buy,BA
2/20/2019,NYSE,45.10,4,Buy,KO
2/20/2019,NYSE,1622.10,5,Buy,AMZN
2/20/2019,NASDAQ,359.91,6,Buy,NFLX
2/21/2019,NYSE,58.25,6,Sell,TSLA
2/21/2019,NASDAQ,29.29,2,Buy,BAC
2/21/2019,NYSE,417.58,4,Sell,BA
2/21/2019,NYSE,45.86,3,Buy,KO
2/21/2019,NYSE,1619.44,4,Buy,AMZN
2/21/2019,NYSE,356.97,5,Sell,NFLX
2/22/2019,NYSE,58.94,10,Buy,TSLA
2/22/2019,NYSE,29.08,1,Sell,BAC
2/22/2019,NYSE,424.05,6,Buy,BA
2/22/2019,NYSE,45.28,5,Sell,KO
2/22/2019,NASDAQ,1631.56,2,Sell,AMZN
2/22/2019,NASDAQ,363.02,4,Sell,NFLX
2/25/2019,NASDAQ,29.27,2,Sell,BAC
2/25/2019,NASDAQ,426.87,5,Buy,BA
2/25/2019,NASDAQ,44.94,5,Sell,KO
2/25/2019,NASDAQ,1633.00,2,Sell,AMZN
2/25/2019,NASDAQ,363.91,2,Buy,NFLX
2/26/2019,NASDAQ,29.29,2,Buy,BAC
2/26/2019,NASDAQ,426.77,4,Sell,BA
2/26/2019,NASDAQ,44.69,5,Sell,KO
2/26/2019,NYSE,1636.40,2,Buy,AMZN
2/26/2019,NASDAQ,364.97,2,Sell,NFLX
2/27/2019,NYSE,435.44,4,Sell,BA
2/27/2019,NYSE,44.94,3,Buy,KO
2/27/2019,NASDAQ,1641.09,2,Buy,AMZN
2/28/2019,NASDAQ,63.98,2,Sell,TSLA
2/28/2019,NASDAQ,439.96,4,Buy,BA
2/28/2019,NASDAQ,45.34,4,Buy,KO
2/28/2019,NASDAQ,1639.83,1,Buy,AMZN
3/1/2019,NASDAQ,58.96,4,Buy,TSLA
3/1/2019,NYSE,440.62,4,Buy,BA
3/1/2019,NYSE,45.38,6,Sell,KO
3/1/2019,NASDAQ,1671.73,2,Sell,AMZN
3/4/2019,NYSE,57.07,4,Sell,TSLA
3/4/2019,NASDAQ,29.03,2,Buy,BAC
3/4/2019,NYSE,432.69,2,Buy,BA
3/4/2019,NYSE,45.65,5,Sell,KO
3/4/2019,NYSE,1696.17,2,Sell,AMZN
3/5/2019,NASDAQ,55.31,6,Buy,TSLA
3/5/2019,NYSE,29.08,5,Sell,BAC
3/5/2019,NYSE,430.12,2,Buy,BA
3/5/2019,NYSE,45.60,4,Buy,KO
3/5/2019,NYSE,1692.43,2,Buy,AMZN
3/6/2019,NYSE,55.25,5,Buy,TSLA
3/6/2019,NYSE,28.84,5,Buy,BAC
3/6/2019,NASDAQ,424.46,2,Sell,BA
3/6/2019,NASDAQ,1668.95,5,Sell,AMZN
3/7/2019,NYSE,55.32,4,Sell,TSLA
3/7/2019,NASDAQ,28.55,3,Sell,BAC
3/7/2019,NASDAQ,422.56,2,Sell,BA
3/7/2019,NASDAQ,1625.95,5,Buy,AMZN
3/8/2019,NASDAQ,28.65,5,Buy,BAC
3/8/2019,NYSE,422.54,3,Buy,BA
3/8/2019,NYSE,1620.80,3,Buy,AMZN
3/8/2019,NYSE,349.60,2,Buy,NFLX
3/11/2019,NYSE,28.94,4,Sell,BAC
3/11/2019,NASDAQ,400.01,2,Buy,BA
3/11/2019,NASDAQ,1670.62,5,Sell,AMZN
3/11/2019,NYSE,358.86,2,Buy,NFLX
3/12/2019,NASDAQ,28.94,3,Buy,BAC
3/12/2019,NASDAQ,375.41,3,Sell,BA
3/12/2019,NYSE,1673.10,4,Sell,AMZN
3/12/2019,NASDAQ,356.27,1,Sell,NFLX
3/13/2019,NYSE,57.79,2,Sell,TSLA
3/13/2019,NYSE,29.29,5,Buy,BAC
3/13/2019,NASDAQ,377.14,4,Sell,BA
3/13/2019,NASDAQ,361.21,2,Sell,NFLX
3/14/2019,NASDAQ,57.99,2,Buy,TSLA
3/14/2019,NYSE,29.46,5,Sell,BAC
3/14/2019,NYSE,373.30,2,Buy,BA
3/14/2019,NYSE,358.82,2,Buy,NFLX
3/15/2019,NASDAQ,55.09,2,Buy,TSLA
3/15/2019,NYSE,29.30,5,Sell,BAC
3/15/2019,NYSE,378.99,5,Buy,BA
3/15/2019,NASDAQ,45.30,4,Buy,KO
3/15/2019,NASDAQ,361.46,2,Buy,NFLX
3/18/2019,NYSE,53.90,2,Sell,TSLA
3/18/2019,NASDAQ,29.82,4,Buy,BAC
3/18/2019,NASDAQ,372.28,5,Buy,BA
3/18/2019,NASDAQ,45.41,4,Buy,KO
3/18/2019,NYSE,363.44,5,Buy,NFLX
3/19/2019,NASDAQ,53.49,1,Sell,TSLA
3/19/2019,NASDAQ,29.65,4,Buy,BAC
3/19/2019,NASDAQ,373.43,3,Sell,BA
3/19/2019,NYSE,45.56,4,Sell,KO
3/19/2019,NYSE,358.78,5,Buy,NFLX
3/20/2019,NYSE,54.72,2,Buy,TSLA
3/20/2019,NYSE,28.64,4,Sell,BAC
3/20/2019,NYSE,376.16,5,Sell,BA
3/20/2019,NASDAQ,45.53,2,Sell,KO
3/20/2019,NYSE,375.22,5,Sell,NFLX
3/21/2019,NASDAQ,28.18,4,Sell,BAC
3/21/2019,NASDAQ,372.70,4,Buy,BA
3/21/2019,NASDAQ,45.51,2,Buy,KO
3/21/2019,NASDAQ,377.87,5,Buy,NFLX
3/22/2019,NYSE,27.01,2,Buy,BAC
3/22/2019,NYSE,362.17,3,Sell,BA
3/22/2019,NASDAQ,45.93,2,Sell,KO
3/22/2019,NASDAQ,361.01,5,Buy,NFLX
3/25/2019,NYSE,26.84,2,Buy,BAC
3/25/2019,NYSE,370.46,5,Buy,BA
3/25/2019,NYSE,366.23,3,Sell,NFLX
3/26/2019,NYSE,53.55,2,Buy,TSLA
3/26/2019,NYSE,27.21,2,Buy,BAC
3/26/2019,NYSE,370.38,5,Buy,BA
3/26/2019,NYSE,1783.76,3,Buy,AMZN
3/26/2019,NASDAQ,359.97,4,Buy,NFLX
3/27/2019,NYSE,54.97,2,Buy,TSLA
3/27/2019,NASDAQ,27.03,2,Sell,BAC
3/27/2019,NYSE,1765.70,5,Buy,AMZN
3/27/2019,NYSE,353.37,6,Sell,NFLX
3/28/2019,NASDAQ,55.72,5,Sell,TSLA
3/28/2019,NASDAQ,27.33,3,Sell,BAC
3/28/2019,NASDAQ,1773.42,5,Buy,AMZN
3/28/2019,NYSE,354.61,5,Buy,NFLX
3/29/2019,NASDAQ,55.97,5,Sell,TSLA
3/29/2019,NYSE,27.59,2,Buy,BAC
3/29/2019,NASDAQ,1780.75,5,Buy,AMZN
3/29/2019,NYSE,356.56,4,Sell,NFLX
4/1/2019,NYSE,57.84,3,Buy,TSLA
4/1/2019,NASDAQ,28.54,3,Sell,BAC
4/1/2019,NYSE,1814.19,3,Sell,AMZN
4/1/2019,NASDAQ,366.96,4,Sell,NFLX
4/2/2019,NASDAQ,57.18,5,Sell,TSLA
4/2/2019,NASDAQ,28.87,4,Buy,BAC
4/2/2019,NASDAQ,390.75,5,Sell,BA
4/2/2019,NASDAQ,1813.98,4,Sell,AMZN
4/2/2019,NASDAQ,367.72,4,Buy,NFLX
4/3/2019,NASDAQ,28.84,5,Buy,BAC
4/3/2019,NASDAQ,384.74,3,Sell,BA
4/3/2019,NASDAQ,1820.70,6,Buy,AMZN
4/3/2019,NYSE,369.75,4,Sell,NFLX
4/4/2019,NYSE,29.15,5,Sell,BAC
4/4/2019,NYSE,395.86,4,Buy,BA
4/4/2019,NYSE,46.48,2,Buy,KO
4/4/2019,NYSE,1818.86,5,Buy,AMZN
4/4/2019,NASDAQ,367.88,2,Buy,NFLX
4/5/2019,NYSE,29.08,4,Sell,BAC
4/5/2019,NASDAQ,391.93,6,Buy,BA
4/5/2019,NYSE,46.47,3,Buy,KO
4/5/2019,NASDAQ,1837.28,4,Buy,AMZN
4/5/2019,NASDAQ,365.49,2,Buy,NFLX
4/8/2019,NASDAQ,54.64,4,Buy,TSLA
4/8/2019,NASDAQ,29.17,3,Buy,BAC
4/8/2019,NYSE,374.52,5,Buy,BA
4/8/2019,NASDAQ,46.55,2,Sell,KO
4/8/2019,NYSE,1849.86,4,Sell,AMZN
4/8/2019,NASDAQ,361.41,2,Sell,NFLX
4/9/2019,NASDAQ,54.46,3,Buy,TSLA
4/9/2019,NYSE,369.04,4,Buy,BA
4/9/2019,NASDAQ,46.67,3,Sell,KO
4/9/2019,NYSE,1835.84,4,Buy,AMZN
4/9/2019,NYSE,364.71,2,Sell,NFLX
4/10/2019,NYSE,55.21,5,Sell,TSLA
4/10/2019,NYSE,364.94,4,Sell,BA
4/10/2019,NYSE,46.64,4,Buy,KO
4/10/2019,NYSE,1847.33,4,Sell,AMZN
4/10/2019,NYSE,363.92,3,Buy,NFLX
4/11/2019,NYSE,53.68,5,Sell,TSLA
4/11/2019,NASDAQ,370.16,4,Sell,BA
4/11/2019,NASDAQ,46.71,5,Buy,KO
4/11/2019,NASDAQ,1844.07,2,Buy,AMZN
4/11/2019,NASDAQ,367.65,2,Buy,NFLX
4/12/2019,NASDAQ,53.54,5,Buy,TSLA
4/12/2019,NASDAQ,379.64,4,Buy,BA
4/12/2019,NASDAQ,46.74,5,Buy,KO
4/12/2019,NASDAQ,1843.06,2,Buy,AMZN
4/15/2019,NASDAQ,53.28,3,Buy,TSLA
4/15/2019,NYSE,375.46,2,Buy,BA
4/15/2019,NYSE,47.00,4,Buy,KO
4/16/2019,NYSE,54.67,4,Sell,TSLA
4/16/2019,NASDAQ,381.72,2,Sell,BA
4/16/2019,NASDAQ,46.95,3,Sell,KO
4/17/2019,NASDAQ,54.25,6,Sell,TSLA
4/17/2019,NASDAQ,377.52,2,Sell,BA
4/17/2019,NYSE,47.28,6,Sell,KO
4/18/2019,NYSE,54.65,5,Buy,TSLA
4/18/2019,NASDAQ,30.03,6,Buy,BAC
4/18/2019,NASDAQ,380.07,2,Buy,BA
4/18/2019,NYSE,47.48,10,Buy,KO
4/22/2019,NYSE,30.05,10,Sell,BAC
4/22/2019,NYSE,375.17,3,Buy,BA
4/23/2019,NASDAQ,30.07,2,Sell,BAC
4/23/2019,NYSE,374.02,2,Buy,BA
4/24/2019,NYSE,30.02,4,Buy,BAC
4/24/2019,NASDAQ,374.23,3,Buy,NFLX
4/25/2019,NYSE,49.53,4,Buy,TSLA
4/25/2019,NYSE,30.08,4,Buy,BAC
4/25/2019,NYSE,368.33,4,Buy,NFLX
4/26/2019,NYSE,47.03,4,Buy,TSLA
4/26/2019,NYSE,30.35,6,Buy,BAC
4/26/2019,NASDAQ,380.79,3,Sell,BA
4/26/2019,NYSE,1950.63,2,Sell,AMZN
4/26/2019,NASDAQ,374.85,2,Sell,NFLX
4/29/2019,NASDAQ,48.29,4,Sell,TSLA
4/29/2019,NASDAQ,30.77,5,Sell,BAC
4/29/2019,NYSE,379.05,4,Sell,BA
4/29/2019,NASDAQ,1938.43,2,Buy,AMZN
4/29/2019,NASDAQ,371.83,5,Sell,NFLX
4/30/2019,NASDAQ,47.74,4,Sell,TSLA
4/30/2019,NASDAQ,30.58,4,Sell,BAC
4/30/2019,NYSE,377.69,5,Buy,BA
4/30/2019,NASDAQ,1926.52,3,Sell,AMZN
4/30/2019,NYSE,370.54,5,Buy,NFLX
5/1/2019,NYSE,46.80,2,Buy,TSLA
5/1/2019,NYSE,30.26,2,Buy,BAC
5/1/2019,NYSE,376.80,5,Sell,BA
5/1/2019,NASDAQ,1911.52,2,Sell,AMZN
5/1/2019,NASDAQ,378.81,3,Buy,NFLX
5/2/2019,NASDAQ,48.82,2,Sell,TSLA
5/2/2019,NASDAQ,30.50,2,Sell,BAC
5/2/2019,NASDAQ,375.80,4,Buy,BA
5/2/2019,NYSE,1900.82,3,Buy,AMZN
5/2/2019,NYSE,379.06,5,Sell,NFLX
5/3/2019,NYSE,51.01,2,Buy,TSLA
5/3/2019,NYSE,30.71,2,Buy,BAC
5/3/2019,NASDAQ,376.46,3,Buy,BA
5/3/2019,NYSE,48.72,2,Buy,KO
5/3/2019,NYSE,1962.46,4,Buy,AMZN
5/3/2019,NYSE,385.03,4,Sell,NFLX
5/6/2019,NYSE,51.07,2,Buy,TSLA
5/6/2019,NYSE,30.47,2,Buy,BAC
5/6/2019,NYSE,371.60,6,Sell,BA
5/6/2019,NASDAQ,48.47,4,Sell,KO
5/6/2019,NASDAQ,1950.55,5,Buy,AMZN
5/6/2019,NYSE,378.67,3,Buy,NFLX
5/7/2019,NYSE,49.41,3,Sell,TSLA
5/7/2019,NYSE,29.92,1,Sell,BAC
5/7/2019,NASDAQ,48.00,4,Sell,KO
5/7/2019,NASDAQ,1921.00,5,Sell,AMZN
5/7/2019,NASDAQ,370.46,5,Buy,NFLX
5/8/2019,NASDAQ,48.97,2,Sell,TSLA
5/8/2019,NASDAQ,29.80,2,Sell,BAC
5/8/2019,NYSE,1917.77,4,Sell,AMZN
5/8/2019,NASDAQ,364.37,5,Buy,NFLX
5/9/2019,NASDAQ,48.40,3,Buy,TSLA
5/9/2019,NASDAQ,29.71,2,Buy,BAC
5/9/2019,NASDAQ,1899.87,3,Sell,AMZN
5/9/2019,NYSE,362.75,5,Sell,NFLX
5/10/2019,NYSE,29.58,2,Buy,BAC
5/10/2019,NASDAQ,354.67,10,Sell,BA
5/10/2019,NYSE,1889.98,6,Buy,AMZN
5/10/2019,NASDAQ,361.04,4,Sell,NFLX
5/13/2019,NASDAQ,28.25,5,Sell,BAC
5/13/2019,NASDAQ,337.37,2,Buy,BA
5/13/2019,NYSE,1822.68,10,Buy,AMZN
5/13/2019,NYSE,345.26,4,Buy,NFLX
5/14/2019,NASDAQ,28.62,5,Sell,BAC
5/14/2019,NASDAQ,343.04,4,Buy,BA
5/14/2019,NYSE,1840.12,2,Sell,AMZN
5/14/2019,NYSE,345.61,2,Sell,NFLX
5/15/2019,NYSE,46.39,4,Buy,TSLA
5/15/2019,NASDAQ,28.29,3,Buy,BAC
5/15/2019,NYSE,345.64,4,Buy,BA
5/15/2019,NASDAQ,1871.15,4,Sell,AMZN
5/15/2019,NYSE,354.99,2,Buy,NFLX
5/16/2019,NASDAQ,45.67,5,Sell,TSLA
5/16/2019,NYSE,28.59,5,Buy,BAC
5/16/2019,NYSE,353.81,6,Buy,BA
5/16/2019,NASDAQ,1907.57,4,Buy,AMZN
5/16/2019,NASDAQ,359.31,2,Buy,NFLX
5/17/2019,NASDAQ,42.21,5,Sell,TSLA
5/17/2019,NYSE,28.40,4,Sell,BAC
5/17/2019,NASDAQ,355.02,5,Sell,BA
5/17/2019,NYSE,1869.00,6,Buy,AMZN
5/17/2019,NASDAQ,354.45,2,Sell,NFLX
5/20/2019,NASDAQ,41.07,4,Buy,TSLA
5/20/2019,NASDAQ,28.40,3,Buy,BAC
5/20/2019,NASDAQ,352.79,4,Sell,BA
5/20/2019,NASDAQ,1858.97,5,Buy,AMZN
5/20/2019,NYSE,348.11,3,Sell,NFLX
5/21/2019,NYSE,41.02,3,Buy,TSLA
5/21/2019,NASDAQ,28.69,5,Sell,BAC
5/21/2019,NYSE,358.75,2,Buy,BA
5/21/2019,NYSE,1857.52,4,Sell,AMZN
5/21/2019,NASDAQ,354.27,2,Buy,NFLX
5/22/2019,NYSE,38.55,6,Sell,TSLA
5/22/2019,NYSE,28.49,5,Buy,BAC
5/22/2019,NASDAQ,352.78,2,Buy,BA
5/22/2019,NYSE,1859.68,2,Sell,AMZN
5/22/2019,NASDAQ,359.73,3,Buy,NFLX
5/23/2019,NYSE,350.55,2,Sell,BA
5/23/2019,NYSE,49.85,6,Buy,KO
5/23/2019,NYSE,1815.48,2,Buy,AMZN
5/23/2019,NASDAQ,352.21,4,Buy,NFLX
5/24/2019,NASDAQ,49.61,5,Buy,KO
5/24/2019,NASDAQ,1823.28,2,Sell,AMZN
5/24/2019,NYSE,354.39,5,Buy,NFLX
5/28/2019,NYSE,49.10,4,Buy,KO
5/28/2019,NASDAQ,1836.43,2,Buy,AMZN
5/29/2019,NASDAQ,37.97,10,Buy,TSLA
5/29/2019,NYSE,48.61,2,Sell,KO
5/29/2019,NYSE,1819.19,1,Buy,AMZN
5/30/2019,NYSE,49.25,2,Sell,KO
5/30/2019,NASDAQ,1816.32,5,Sell,AMZN
5/31/2019,NYSE,341.61,2,Sell,BA
5/31/2019,NASDAQ,49.13,2,Buy,KO
5/31/2019,NASDAQ,1775.07,5,Sell,AMZN
6/3/2019,NYSE,338.89,1,Buy,BA
6/3/2019,NASDAQ,49.98,2,Sell,KO
6/3/2019,NASDAQ,1692.69,3,Buy,AMZN
6/4/2019,NASDAQ,27.92,5,Sell,BAC
6/4/2019,NASDAQ,344.62,2,Buy,BA
6/4/2019,NYSE,50.00,1,Buy,KO
6/4/2019,NYSE,1729.56,3,Buy,AMZN
6/5/2019,NASDAQ,39.32,2,Sell,TSLA
6/5/2019,NYSE,27.91,3,Buy,BAC
6/5/2019,NASDAQ,348.75,2,Buy,BA
6/5/2019,NASDAQ,50.78,5,Buy,KO
6/5/2019,NYSE,1738.50,4,Buy,AMZN
6/6/2019,NYSE,41.19,4,Buy,TSLA
6/6/2019,NYSE,27.88,4,Buy,BAC
6/6/2019,NYSE,350.64,2,Sell,BA
6/6/2019,NASDAQ,51.40,5,Sell,KO
6/6/2019,NASDAQ,1754.36,6,Buy,AMZN
6/7/2019,NASDAQ,40.90,4,Sell,TSLA
6/7/2019,NYSE,27.53,6,Sell,BAC
6/7/2019,NASDAQ,353.70,5,Sell,BA
6/7/2019,NASDAQ,51.49,3,Sell,KO
6/7/2019,NASDAQ,1804.03,10,Sell,AMZN
6/10/2019,NYSE,42.58,6,Buy,TSLA
6/10/2019,NASDAQ,28.07,5,Sell,BAC
6/10/2019,NYSE,353.80,5,Buy,BA
6/10/2019,NYSE,1860.63,2,Sell,AMZN
6/11/2019,NYSE,43.42,5,Buy,TSLA
6/11/2019,NASDAQ,28.24,4,Buy,BAC
6/11/2019,NYSE,349.33,3,Sell,BA
6/11/2019,NASDAQ,1863.70,4,Buy,AMZN
6/11/2019,NYSE,351.27,5,Sell,NFLX
6/12/2019,NYSE,41.85,4,Sell,TSLA
6/12/2019,NYSE,27.95,4,Buy,BAC
6/12/2019,NYSE,347.03,5,Buy,BA
6/12/2019,NASDAQ,1855.32,4,Buy,AMZN
6/12/2019,NASDAQ,345.56,4,Sell,NFLX
6/13/2019,NASDAQ,42.78,2,Sell,TSLA
6/13/2019,NASDAQ,27.94,4,Sell,BAC
6/13/2019,NASDAQ,348.86,4,Buy,BA
6/13/2019,NYSE,1870.30,6,Sell,AMZN
6/13/2019,NASDAQ,343.43,3,Buy,NFLX
6/14/2019,NASDAQ,42.98,2,Buy,TSLA
6/14/2019,NYSE,28.04,4,Sell,BAC
6/14/2019,NASDAQ,347.16,3,Sell,BA
6/14/2019,NASDAQ,1869.67,5,Sell,AMZN
6/14/2019,NYSE,339.73,6,Buy,NFLX
6/17/2019,NYSE,45.01,2,Buy,TSLA
6/17/2019,NYSE,27.93,2,Buy,BAC
6/17/2019,NYSE,354.90,5,Sell,BA
6/17/2019,NYSE,1886.03,4,Buy,AMZN
6/17/2019,NASDAQ,350.62,10,Buy,NFLX
6/18/2019,NASDAQ,44.95,2,Sell,TSLA
6/18/2019,NYSE,28.62,2,Buy,BAC
6/18/2019,NASDAQ,373.96,5,Buy,BA
6/18/2019,NYSE,1901.37,2,Buy,AMZN
6/18/2019,NYSE,357.12,2,Sell,NFLX
6/19/2019,NYSE,45.29,1,Sell,TSLA
6/19/2019,NASDAQ,28.32,2,Buy,BAC
6/19/2019,NASDAQ,368.56,5,Buy,BA
6/19/2019,NYSE,1908.79,2,Buy,AMZN
6/19/2019,NYSE,363.52,4,Buy,NFLX
6/20/2019,NYSE,43.92,2,Buy,TSLA
6/20/2019,NASDAQ,28.27,2,Sell,BAC
6/20/2019,NASDAQ,374.88,3,Buy,BA
6/20/2019,NASDAQ,1918.19,10,Sell,AMZN
6/20/2019,NYSE,365.21,4,Sell,NFLX
6/21/2019,NYSE,44.37,2,Buy,TSLA
6/21/2019,NYSE,28.12,3,Sell,BAC
6/21/2019,NYSE,371.84,4,Buy,BA
6/21/2019,NYSE,51.55,3,Buy,KO
6/21/2019,NASDAQ,1911.30,2,Sell,AMZN
6/21/2019,NASDAQ,369.21,6,Buy,NFLX
6/24/2019,NASDAQ,44.73,2,Buy,TSLA
6/24/2019,NYSE,51.92,4,Buy,KO
6/24/2019,NYSE,1913.90,4,Buy,AMZN
6/24/2019,NASDAQ,371.04,5,Buy,NFLX
6/25/2019,NASDAQ,43.95,5,Sell,TSLA
6/25/2019,NASDAQ,1878.27,4,Sell,AMZN
6/25/2019,NYSE,360.30,4,Sell,NFLX
6/26/2019,NYSE,43.85,5,Sell,TSLA
6/26/2019,NYSE,1897.83,6,Buy,AMZN
6/26/2019,NASDAQ,362.20,2,Buy,NFLX
6/27/2019,NASDAQ,44.57,3,Buy,TSLA
6/27/2019,NYSE,364.02,6,Sell,BA
6/27/2019,NYSE,1904.28,5,Buy,AMZN
6/27/2019,NYSE,370.02,2,Sell,NFLX
6/28/2019,NASDAQ,44.69,5,Sell,TSLA
6/28/2019,NASDAQ,364.01,5,Buy,BA
6/28/2019,NYSE,1893.63,4,Sell,AMZN
6/28/2019,NYSE,367.32,2,Sell,NFLX
7/1/2019,NASDAQ,45.43,4,Buy,TSLA
7/1/2019,NASDAQ,356.46,4,Sell,BA
7/1/2019,NASDAQ,1922.19,2,Sell,AMZN
7/1/2019,NYSE,374.60,2,Buy,NFLX
7/2/2019,NYSE,44.91,3,Buy,TSLA
7/2/2019,NASDAQ,29.15,2,Buy,BAC
7/2/2019,NYSE,354.16,4,Buy,BA
7/2/2019,NASDAQ,1934.31,2,Buy,AMZN
7/2/2019,NASDAQ,375.43,1,Buy,NFLX
7/3/2019,NYSE,46.98,5,Sell,TSLA
7/3/2019,NASDAQ,29.05,3,Sell,BAC
7/3/2019,NASDAQ,354.47,4,Sell,BA
7/3/2019,NYSE,1939.00,2,Buy,AMZN
7/3/2019,NASDAQ,381.72,2,Buy,NFLX
7/5/2019,NASDAQ,46.62,5,Sell,TSLA
7/5/2019,NASDAQ,29.26,4,Buy,BAC
7/5/2019,NYSE,355.86,4,Buy,BA
7/5/2019,NASDAQ,52.11,6,Buy,KO
7/5/2019,NASDAQ,1942.91,2,Buy,AMZN
7/5/2019,NYSE,380.55,2,Sell,NFLX
7/8/2019,NASDAQ,46.07,5,Buy,TSLA
7/8/2019,NYSE,29.20,5,Buy,BAC
7/8/2019,NYSE,351.12,2,Buy,BA
7/8/2019,NASDAQ,52.00,10,Buy,KO
7/8/2019,NASDAQ,1952.32,1,Buy,AMZN
7/8/2019,NASDAQ,376.16,2,Sell,NFLX
7/9/2019,NYSE,46.01,3,Buy,TSLA
7/9/2019,NYSE,29.35,5,Sell,BAC
7/9/2019,NYSE,353.09,2,Sell,BA
7/9/2019,NYSE,51.59,2,Sell,KO
7/9/2019,NASDAQ,1988.30,2,Sell,AMZN
7/9/2019,NASDAQ,379.93,5,Sell,NFLX
7/10/2019,NASDAQ,47.78,4,Sell,TSLA
7/10/2019,NASDAQ,29.02,4,Sell,BAC
7/10/2019,NASDAQ,352.30,2,Sell,BA
7/10/2019,NASDAQ,51.82,4,Sell,KO
7/10/2019,NYSE,2017.41,2,Sell,AMZN
7/11/2019,NYSE,47.72,6,Sell,TSLA
7/11/2019,NYSE,29.36,3,Buy,BAC
7/11/2019,NASDAQ,359.00,2,Buy,BA
7/11/2019,NYSE,52.04,4,Buy,KO
7/11/2019,NYSE,2001.07,2,Buy,AMZN
7/12/2019,NYSE,49.02,5,Buy,TSLA
7/12/2019,NYSE,29.45,6,Buy,BAC
7/12/2019,NYSE,365.33,3,Buy,BA
7/12/2019,NYSE,52.12,6,Buy,KO
7/12/2019,NASDAQ,2011.00,5,Buy,AMZN
7/15/2019,NYSE,50.70,4,Buy,TSLA
7/15/2019,NYSE,29.22,10,Sell,BAC
7/15/2019,NASDAQ,361.61,2,Sell,BA
7/15/2019,NYSE,52.13,5,Buy,KO
7/15/2019,NASDAQ,2020.99,5,Buy,AMZN
7/16/2019,NASDAQ,50.48,4,Buy,TSLA
7/16/2019,NASDAQ,28.99,2,Sell,BAC
7/16/2019,NYSE,362.75,3,Sell,BA
7/16/2019,NASDAQ,52.14,4,Sell,KO
7/16/2019,NYSE,2009.90,3,Sell,AMZN
7/17/2019,NASDAQ,29.19,4,Buy,BAC
7/17/2019,NASDAQ,50.97,4,Sell,TSLA
7/17/2019,NYSE,369.52,4,Buy,BA
7/17/2019,NASDAQ,52.18,2,Buy,KO
7/17/2019,NASDAQ,1992.03,5,Buy,AMZN
7/18/2019,NYSE,50.71,4,Sell,TSLA
7/18/2019,NYSE,29.48,4,Buy,BAC
7/18/2019,NYSE,361.11,5,Buy,BA
7/18/2019,NYSE,52.03,2,Sell,KO
7/18/2019,NYSE,1977.90,4,Sell,AMZN
7/19/2019,NASDAQ,51.64,2,Buy,TSLA
7/19/2019,NASDAQ,29.40,6,Buy,BAC
7/19/2019,NASDAQ,377.36,5,Buy,BA
7/19/2019,NASDAQ,315.10,5,Buy,NFLX
7/22/2019,NYSE,51.14,2,Sell,TSLA
7/22/2019,NYSE,310.62,3,Buy,NFLX
7/23/2019,NYSE,52.03,2,Buy,TSLA
7/23/2019,NYSE,307.30,5,Sell,NFLX
7/24/2019,NYSE,52.98,2,Buy,TSLA
7/24/2019,NASDAQ,317.94,4,Sell,NFLX
7/25/2019,NASDAQ,45.76,3,Sell,TSLA
7/25/2019,NASDAQ,326.46,3,Buy,NFLX
7/26/2019,NASDAQ,45.61,2,Sell,TSLA
7/26/2019,NASDAQ,345.00,4,Sell,BA
7/26/2019,NYSE,335.78,5,Buy,NFLX
7/29/2019,NASDAQ,30.52,5,Sell,BAC
7/29/2019,NYSE,340.21,3,Sell,BA
7/29/2019,NYSE,1912.45,3,Buy,AMZN
7/29/2019,NASDAQ,332.70,5,Buy,NFLX
7/30/2019,NASDAQ,30.89,4,Sell,BAC
7/30/2019,NASDAQ,347.46,6,Buy,BA
7/30/2019,NASDAQ,53.72,2,Buy,KO
7/30/2019,NYSE,1898.53,5,Buy,AMZN
7/31/2019,NYSE,30.68,2,Buy,BAC
7/31/2019,NASDAQ,341.18,10,Sell,BA
7/31/2019,NYSE,52.63,2,Buy,KO
7/31/2019,NASDAQ,1866.78,5,Buy,AMZN
8/1/2019,NYSE,46.77,3,Buy,TSLA
8/1/2019,NYSE,29.49,2,Sell,BAC
8/1/2019,NASDAQ,334.29,2,Buy,BA
8/1/2019,NASDAQ,1855.32,5,Buy,AMZN
8/2/2019,NASDAQ,46.87,4,Buy,TSLA
8/2/2019,NASDAQ,29.38,2,Buy,BAC
8/2/2019,NYSE,339.56,4,Buy,BA
8/2/2019,NYSE,1823.24,3,Sell,AMZN
8/5/2019,NASDAQ,45.66,5,Sell,TSLA
8/5/2019,NASDAQ,28.08,2,Buy,BAC
8/5/2019,NYSE,331.06,4,Sell,BA
8/5/2019,NASDAQ,1765.13,4,Buy,AMZN
8/5/2019,NYSE,307.63,5,Sell,NFLX
8/6/2019,NASDAQ,46.15,5,Sell,TSLA
8/6/2019,NYSE,28.42,1,Sell,BAC
8/6/2019,NASDAQ,332.45,6,Sell,BA
8/6/2019,NYSE,1787.83,6,Sell,AMZN
8/6/2019,NYSE,310.10,3,Sell,NFLX
8/7/2019,NYSE,46.68,4,Buy,TSLA
8/7/2019,NASDAQ,331.38,5,Buy,BA
8/7/2019,NYSE,1793.40,5,Buy,AMZN
8/7/2019,NYSE,304.29,4,Buy,NFLX
8/8/2019,NYSE,47.66,3,Buy,TSLA
8/8/2019,NYSE,336.35,4,Buy,BA
8/8/2019,NYSE,1832.89,4,Buy,AMZN
8/8/2019,NASDAQ,315.90,6,Sell,NFLX
8/9/2019,NASDAQ,47.00,6,Sell,TSLA
8/9/2019,NASDAQ,337.55,2,Sell,BA
8/9/2019,NASDAQ,1807.58,4,Sell,AMZN
8/9/2019,NASDAQ,308.93,5,Buy,NFLX
8/12/2019,NYSE,45.80,10,Buy,TSLA
8/12/2019,NYSE,332.94,2,Sell,BA
8/12/2019,NASDAQ,1784.92,4,Buy,AMZN
8/12/2019,NYSE,310.83,4,Buy,NFLX
8/13/2019,NYSE,47.00,2,Sell,TSLA
8/13/2019,NASDAQ,27.72,2,Sell,BAC
8/13/2019,NYSE,332.86,2,Buy,BA
8/13/2019,NYSE,1824.34,4,Sell,AMZN
8/13/2019,NASDAQ,312.28,4,Sell,NFLX
8/14/2019,NYSE,43.92,4,Buy,TSLA
8/14/2019,NYSE,26.42,2,Buy,BAC
8/14/2019,NYSE,320.42,2,Buy,BA
8/14/2019,NASDAQ,1762.96,2,Sell,AMZN
8/14/2019,NYSE,299.11,4,Sell,NFLX
8/15/2019,NASDAQ,43.13,4,Sell,TSLA
8/15/2019,NYSE,26.25,2,Buy,BAC
8/15/2019,NASDAQ,328.00,1,Buy,BA
8/15/2019,NASDAQ,1776.12,2,Buy,AMZN
8/15/2019,NYSE,295.76,4,Buy,NFLX
8/16/2019,NASDAQ,43.99,6,Buy,TSLA
8/16/2019,NYSE,27.03,5,Sell,BAC
8/16/2019,NASDAQ,330.45,2,Sell,BA
8/16/2019,NYSE,54.41,1,Sell,KO
8/16/2019,NASDAQ,1792.57,2,Buy,AMZN
8/16/2019,NYSE,302.80,2,Buy,NFLX
8/19/2019,NYSE,45.37,5,Buy,TSLA
8/19/2019,NASDAQ,27.27,5,Sell,BAC
8/19/2019,NYSE,333.78,2,Sell,BA
8/19/2019,NYSE,54.69,2,Buy,KO
8/19/2019,NYSE,1816.12,2,Buy,AMZN
8/19/2019,NASDAQ,309.38,2,Buy,NFLX
8/20/2019,NASDAQ,45.17,4,Sell,TSLA
8/20/2019,NASDAQ,26.72,3,Buy,BAC
8/20/2019,NASDAQ,331.75,2,Buy,BA
8/20/2019,NASDAQ,53.88,2,Sell,KO
8/20/2019,NYSE,1801.38,3,Sell,AMZN
8/20/2019,NASDAQ,298.99,2,Buy,NFLX
8/21/2019,NASDAQ,44.17,2,Sell,TSLA
8/21/2019,NYSE,26.93,5,Buy,BAC
8/21/2019,NYSE,339.99,5,Sell,BA
8/21/2019,NASDAQ,54.10,2,Sell,KO
8/21/2019,NASDAQ,1823.54,2,Sell,AMZN
8/21/2019,NYSE,297.81,2,Sell,NFLX
8/22/2019,NASDAQ,27.19,4,Sell,BAC
8/22/2019,NYSE,354.41,5,Buy,BA
8/22/2019,NYSE,54.49,5,Buy,KO
8/22/2019,NASDAQ,1805.60,3,Sell,AMZN
8/22/2019,NASDAQ,296.93,3,Sell,NFLX
8/23/2019,NYSE,26.47,3,Buy,BAC
8/23/2019,NYSE,356.01,3,Buy,BA
8/23/2019,NASDAQ,53.74,5,Buy,KO
8/23/2019,NYSE,1749.62,4,Buy,AMZN
8/23/2019,NASDAQ,291.44,2,Buy,NFLX
8/26/2019,NYSE,26.78,5,Sell,BAC
8/26/2019,NASDAQ,359.04,5,Sell,BA
8/26/2019,NASDAQ,54.54,5,Buy,KO
8/26/2019,NASDAQ,294.98,3,Buy,NFLX
8/27/2019,NASDAQ,42.82,2,Buy,TSLA
8/27/2019,NYSE,26.47,5,Buy,BAC
8/27/2019,NASDAQ,354.73,4,Sell,BA
8/27/2019,NASDAQ,54.72,5,Sell,KO
8/27/2019,NYSE,291.03,4,Sell,NFLX
8/28/2019,NYSE,43.12,2,Buy,TSLA
8/28/2019,NASDAQ,26.85,5,Sell,BAC
8/28/2019,NYSE,359.97,3,Buy,BA
8/28/2019,NYSE,291.77,5,Sell,NFLX
8/29/2019,NASDAQ,27.33,3,Buy,BAC
8/29/2019,NASDAQ,362.74,5,Buy,BA
8/29/2019,NASDAQ,296.78,5,Buy,NFLX
8/30/2019,NASDAQ,364.09,5,Sell,BA
8/30/2019,NYSE,293.75,4,Buy,NFLX
9/3/2019,NASDAQ,354.42,5,Sell,BA
9/3/2019,NYSE,289.29,3,Buy,NFLX
9/4/2019,NYSE,44.14,2,Sell,TSLA
9/4/2019,NYSE,291.52,6,Sell,NFLX
9/5/2019,NASDAQ,45.92,1,Sell,TSLA
9/6/2019,NASDAQ,45.49,2,Buy,TSLA
9/6/2019,NYSE,27.73,4,Buy,BAC
9/6/2019,NASDAQ,1833.51,5,Buy,AMZN
9/9/2019,NYSE,46.36,2,Buy,TSLA
9/9/2019,NASDAQ,28.63,6,Sell,BAC
9/9/2019,NYSE,358.78,3,Buy,BA
9/9/2019,NYSE,1831.35,5,Sell,AMZN
9/10/2019,NASDAQ,47.11,2,Buy,TSLA
9/10/2019,NASDAQ,29.35,5,Sell,BAC
9/10/2019,NYSE,369.49,4,Buy,BA
9/10/2019,NYSE,1820.55,4,Sell,AMZN
9/11/2019,NYSE,49.42,5,Sell,TSLA
9/11/2019,NASDAQ,29.46,4,Buy,BAC
9/11/2019,NASDAQ,382.94,6,Sell,BA
9/11/2019,NYSE,1822.99,3,Buy,AMZN
9/12/2019,NYSE,49.17,5,Sell,TSLA
9/12/2019,NYSE,29.67,4,Buy,BAC
9/12/2019,NASDAQ,375.63,5,Buy,BA
9/12/2019,NASDAQ,1843.55,6,Buy,AMZN
9/13/2019,NYSE,49.04,3,Buy,TSLA
9/13/2019,NYSE,30.17,4,Sell,BAC
9/13/2019,NYSE,379.76,4,Sell,BA
9/13/2019,NASDAQ,1839.34,10,Buy,AMZN
9/16/2019,NASDAQ,48.56,5,Sell,TSLA
9/16/2019,NASDAQ,30.13,4,Sell,BAC
9/16/2019,NASDAQ,378.85,4,Buy,BA
9/16/2019,NYSE,1807.84,2,Sell,AMZN
9/17/2019,NASDAQ,29.94,2,Buy,BAC
9/17/2019,NYSE,384.20,4,Sell,BA
9/17/2019,NASDAQ,1822.55,4,Sell,AMZN
9/17/2019,NASDAQ,298.60,10,Sell,NFLX
9/18/2019,NYSE,386.41,4,Buy,BA
9/18/2019,NYSE,54.23,5,Sell,KO
9/18/2019,NYSE,1817.46,4,Buy,AMZN
9/18/2019,NASDAQ,291.56,2,Buy,NFLX
9/19/2019,NYSE,384.44,2,Buy,BA
9/19/2019,NYSE,54.52,3,Sell,KO
9/19/2019,NYSE,1821.50,6,Sell,AMZN
9/19/2019,NYSE,286.60,4,Sell,NFLX
9/20/2019,NASDAQ,48.12,4,Buy,TSLA
9/20/2019,NASDAQ,53.91,4,Buy,KO
9/20/2019,NYSE,1794.16,5,Buy,AMZN
9/20/2019,NASDAQ,270.75,4,Buy,NFLX
9/23/2019,NYSE,48.25,3,Buy,TSLA
9/23/2019,NASDAQ,54.14,6,Buy,KO
9/23/2019,NASDAQ,1785.30,4,Buy,AMZN
9/23/2019,NASDAQ,265.92,6,Buy,NFLX
9/24/2019,NASDAQ,44.64,5,Sell,TSLA
9/24/2019,NYSE,28.94,2,Buy,BAC
9/24/2019,NYSE,54.30,5,Sell,KO
9/24/2019,NASDAQ,1741.61,2,Sell,AMZN
9/24/2019,NASDAQ,254.59,5,Sell,NFLX
9/25/2019,NYSE,45.74,5,Sell,TSLA
9/25/2019,NASDAQ,29.25,2,Buy,BAC
9/25/2019,NASDAQ,386.20,2,Sell,BA
9/25/2019,NASDAQ,54.17,4,Sell,KO
9/25/2019,NYSE,1768.33,2,Sell,AMZN
9/25/2019,NYSE,264.75,4,Sell,NFLX
9/26/2019,NYSE,48.51,5,Buy,TSLA
9/26/2019,NYSE,29.13,2,Sell,BAC
9/26/2019,NASDAQ,386.89,2,Sell,BA
9/26/2019,NYSE,54.39,4,Buy,KO
9/26/2019,NASDAQ,1739.84,2,Buy,AMZN
9/26/2019,NYSE,263.31,2,Buy,NFLX
9/27/2019,NYSE,48.43,3,Buy,TSLA
9/27/2019,NYSE,382.86,2,Buy,BA
9/27/2019,NASDAQ,1725.45,2,Buy,AMZN
9/27/2019,NASDAQ,263.08,2,Buy,NFLX
9/30/2019,NASDAQ,48.17,4,Sell,TSLA
9/30/2019,NASDAQ,380.47,3,Buy,BA
9/30/2019,NASDAQ,1735.91,1,Buy,AMZN
9/30/2019,NASDAQ,267.62,2,Buy,NFLX
10/1/2019,NASDAQ,48.94,6,Sell,TSLA
10/1/2019,NYSE,374.94,2,Sell,BA
10/1/2019,NYSE,1735.65,5,Buy,AMZN
10/1/2019,NYSE,269.58,2,Buy,NFLX
10/2/2019,NYSE,48.63,5,Buy,TSLA
10/2/2019,NYSE,367.36,3,Sell,BA
10/2/2019,NYSE,1713.23,5,Sell,AMZN
10/2/2019,NASDAQ,268.03,1,Sell,NFLX
10/3/2019,NASDAQ,46.61,4,Buy,TSLA
10/3/2019,NYSE,27.81,3,Sell,BAC
10/3/2019,NYSE,372.07,4,Buy,BA
10/3/2019,NASDAQ,1724.42,3,Sell,AMZN
10/4/2019,NASDAQ,46.29,4,Buy,TSLA
10/4/2019,NYSE,28.37,2,Buy,BAC
10/4/2019,NASDAQ,375.70,5,Buy,BA
10/7/2019,NASDAQ,47.54,4,Sell,TSLA
10/7/2019,NASDAQ,28.31,3,Sell,BAC
10/7/2019,NASDAQ,376.54,5,Buy,BA
10/8/2019,NYSE,48.01,4,Sell,TSLA
10/8/2019,NASDAQ,27.63,4,Buy,BAC
10/8/2019,NYSE,374.10,4,Sell,BA
10/9/2019,NYSE,48.91,2,Buy,TSLA
10/9/2019,NYSE,27.89,5,Buy,BAC
10/9/2019,NASDAQ,374.96,3,Sell,BA
10/10/2019,NASDAQ,48.95,2,Sell,TSLA
10/10/2019,NASDAQ,28.45,5,Sell,BAC
10/10/2019,NASDAQ,371.00,6,Buy,BA
10/10/2019,NYSE,1720.26,3,Buy,AMZN
10/11/2019,NASDAQ,49.58,2,Buy,TSLA
10/11/2019,NYSE,28.91,4,Sell,BAC
10/11/2019,NYSE,374.92,10,Sell,BA
10/11/2019,NYSE,1731.92,4,Buy,AMZN
10/14/2019,NYSE,51.39,2,Buy,TSLA
10/14/2019,NYSE,29.14,3,Buy,BAC
10/14/2019,NASDAQ,373.18,2,Buy,BA
10/14/2019,NYSE,1736.43,6,Sell,AMZN
10/15/2019,NASDAQ,51.58,3,Sell,TSLA
10/15/2019,NYSE,370.96,4,Buy,BA
10/15/2019,NASDAQ,1767.38,10,Sell,AMZN
10/16/2019,NYSE,51.95,2,Sell,TSLA
10/16/2019,NYSE,372.43,4,Sell,BA
10/16/2019,NASDAQ,1777.43,2,Buy,AMZN
10/17/2019,NYSE,52.39,3,Buy,TSLA
10/17/2019,NYSE,30.26,6,Buy,BAC
10/17/2019,NYSE,369.06,6,Sell,BA
10/17/2019,NYSE,1787.48,4,Buy,AMZN
10/17/2019,NYSE,293.35,5,Sell,NFLX
10/18/2019,NYSE,51.39,4,Buy,TSLA
10/18/2019,NASDAQ,30.35,10,Sell,BAC
10/18/2019,NASDAQ,1757.51,4,Buy,AMZN
10/18/2019,NYSE,275.30,5,Buy,NFLX
10/21/2019,NASDAQ,50.70,5,Sell,TSLA
10/21/2019,NASDAQ,31.02,2,Sell,BAC
10/21/2019,NASDAQ,1785.66,6,Sell,AMZN
10/21/2019,NYSE,278.05,3,Buy,NFLX
10/22/2019,NASDAQ,51.12,5,Sell,TSLA
10/22/2019,NYSE,31.20,4,Buy,BAC
10/22/2019,NASDAQ,1765.73,5,Sell,AMZN
10/22/2019,NASDAQ,266.69,3,Buy,NFLX
10/23/2019,NASDAQ,31.42,4,Buy,BAC
10/23/2019,NYSE,1762.17,4,Buy,AMZN
10/23/2019,NASDAQ,271.27,4,Sell,NFLX
10/24/2019,NYSE,59.94,4,Buy,TSLA
10/24/2019,NASDAQ,31.36,6,Buy,BAC
10/24/2019,NASDAQ,344.55,5,Buy,BA
10/24/2019,NYSE,271.50,6,Buy,NFLX
10/25/2019,NASDAQ,65.63,3,Buy,TSLA
10/25/2019,NASDAQ,31.72,5,Sell,BAC
10/25/2019,NASDAQ,339.83,4,Buy,BA
10/25/2019,NYSE,1761.33,2,Sell,AMZN
10/25/2019,NASDAQ,276.82,10,Sell,NFLX
10/28/2019,NYSE,65.54,6,Sell,TSLA
10/28/2019,NYSE,31.84,4,Sell,BAC
10/28/2019,NYSE,340.88,2,Sell,BA
10/28/2019,NASDAQ,1777.08,2,Buy,AMZN
10/28/2019,NYSE,281.86,2,Buy,NFLX
10/29/2019,NASDAQ,348.93,2,Sell,BA
10/29/2019,NASDAQ,1762.71,2,Buy,AMZN
10/29/2019,NYSE,281.21,4,Buy,NFLX
10/30/2019,NASDAQ,346.06,2,Buy,BA
10/30/2019,NYSE,1779.99,2,Sell,AMZN
10/30/2019,NYSE,291.45,4,Buy,NFLX
10/31/2019,NASDAQ,339.91,2,Buy,BA
10/31/2019,NASDAQ,1776.66,1,Sell,AMZN
10/31/2019,NASDAQ,287.41,6,Buy,NFLX
11/1/2019,NYSE,62.66,10,Buy,TSLA
11/1/2019,NYSE,345.19,1,Buy,BA
11/1/2019,NYSE,1791.44,2,Buy,AMZN
11/4/2019,NYSE,63.49,2,Sell,TSLA
11/4/2019,NYSE,32.40,2,Buy,BAC
11/4/2019,NYSE,351.09,2,Sell,BA
11/4/2019,NYSE,1804.66,2,Buy,AMZN
11/5/2019,NASDAQ,63.44,4,Buy,TSLA
11/5/2019,NASDAQ,32.82,2,Sell,BAC
11/5/2019,NASDAQ,358.29,2,Sell,BA
11/5/2019,NYSE,1801.71,2,Buy,AMZN
11/6/2019,NASDAQ,65.32,4,Sell,TSLA
11/6/2019,NASDAQ,32.79,2,Buy,BAC
11/6/2019,NASDAQ,354.19,2,Buy,BA
11/7/2019,NYSE,67.11,6,Buy,TSLA
11/7/2019,NYSE,33.23,2,Buy,BAC
11/7/2019,NYSE,52.29,4,Buy,KO
11/8/2019,NASDAQ,33.26,1,Sell,BAC
11/8/2019,NYSE,52.21,4,Buy,KO
11/11/2019,NASDAQ,69.02,5,Buy,TSLA
11/11/2019,NYSE,33.18,2,Sell,BAC
11/11/2019,NYSE,366.96,5,Sell,BA
11/11/2019,NASDAQ,51.84,2,Sell,KO
11/12/2019,NASDAQ,69.99,4,Sell,TSLA
11/12/2019,NYSE,33.09,2,Buy,BAC
11/12/2019,NASDAQ,362.88,5,Buy,BA
11/12/2019,NASDAQ,51.71,2,Sell,KO
11/13/2019,NASDAQ,69.22,2,Sell,TSLA
11/13/2019,NYSE,32.79,2,Buy,BAC
11/13/2019,NYSE,362.50,3,Buy,BA
11/13/2019,NYSE,52.41,2,Buy,KO
11/14/2019,NYSE,69.87,2,Buy,TSLA
11/14/2019,NASDAQ,32.70,5,Sell,BAC
11/14/2019,NYSE,367.44,5,Sell,BA
11/14/2019,NASDAQ,52.63,2,Sell,KO
11/14/2019,NASDAQ,289.62,5,Sell,NFLX
11/15/2019,NASDAQ,32.93,5,Sell,BAC
11/15/2019,NYSE,371.68,4,Sell,BA
11/15/2019,NYSE,295.03,4,Buy,NFLX
11/18/2019,NYSE,32.96,3,Buy,BAC
11/18/2019,NASDAQ,369.46,3,Buy,BA
11/18/2019,NASDAQ,302.57,2,Sell,NFLX
11/19/2019,NASDAQ,32.94,5,Buy,BAC
11/19/2019,NASDAQ,367.00,5,Buy,BA
11/19/2019,NASDAQ,1752.79,5,Buy,AMZN
11/19/2019,NASDAQ,302.60,2,Buy,NFLX
11/20/2019,NYSE,70.44,2,Buy,TSLA
11/20/2019,NYSE,32.69,4,Sell,BAC
11/20/2019,NYSE,370.91,5,Sell,BA
11/20/2019,NASDAQ,1745.53,5,Sell,AMZN
11/20/2019,NASDAQ,305.16,10,Buy,NFLX
11/21/2019,NASDAQ,70.97,2,Sell,TSLA
11/21/2019,NYSE,32.84,3,Buy,BAC
11/21/2019,NASDAQ,366.44,5,Sell,BA
11/21/2019,NYSE,1734.71,5,Sell,AMZN
11/21/2019,NYSE,311.69,2,Sell,NFLX
11/22/2019,NASDAQ,66.61,1,Sell,TSLA
11/22/2019,NYSE,33.18,5,Sell,BAC
11/22/2019,NYSE,371.34,3,Buy,BA
11/22/2019,NASDAQ,1745.72,5,Buy,AMZN
11/22/2019,NYSE,310.48,4,Buy,NFLX
11/25/2019,NYSE,67.27,2,Buy,TSLA
11/25/2019,NASDAQ,33.47,5,Buy,BAC
11/25/2019,NYSE,373.13,4,Buy,BA
11/25/2019,NYSE,1773.84,5,Buy,AMZN
11/25/2019,NASDAQ,315.55,4,Sell,NFLX
11/26/2019,NASDAQ,65.78,2,Buy,TSLA
11/26/2019,NASDAQ,33.35,5,Sell,BAC
11/26/2019,NYSE,373.51,6,Sell,BA
11/26/2019,NYSE,1796.94,3,Buy,AMZN
11/26/2019,NASDAQ,312.49,6,Sell,NFLX
11/27/2019,NYSE,33.42,4,Buy,BAC
11/27/2019,NASDAQ,368.00,5,Buy,BA
11/27/2019,NYSE,1818.51,4,Sell,AMZN
11/27/2019,NYSE,315.93,5,Buy,NFLX
11/29/2019,NASDAQ,33.32,4,Buy,BAC
11/29/2019,NASDAQ,366.18,4,Sell,BA
11/29/2019,NASDAQ,1800.80,6,Buy,AMZN
11/29/2019,NASDAQ,314.66,4,Buy,NFLX
12/2/2019,NASDAQ,33.43,4,Sell,BAC
12/2/2019,NYSE,355.18,4,Buy,BA
12/2/2019,NASDAQ,1781.60,5,Sell,AMZN
12/2/2019,NYSE,309.99,2,Buy,NFLX
12/3/2019,NYSE,67.24,2,Buy,TSLA
12/3/2019,NASDAQ,32.84,4,Sell,BAC
12/3/2019,NASDAQ,352.08,4,Sell,BA
12/3/2019,NYSE,1769.96,4,Buy,AMZN
12/3/2019,NYSE,306.16,2,Sell,NFLX
12/4/2019,NYSE,66.61,5,Sell,TSLA
12/4/2019,NYSE,33.15,2,Buy,BAC
12/4/2019,NASDAQ,348.84,4,Buy,BA
12/4/2019,NASDAQ,1760.69,4,Buy,AMZN
12/5/2019,NYSE,66.07,5,Sell,TSLA
12/5/2019,NASDAQ,345.68,2,Buy,BA
12/5/2019,NASDAQ,1740.48,4,Sell,AMZN
12/6/2019,NASDAQ,67.18,3,Buy,TSLA
12/6/2019,NYSE,354.09,2,Sell,BA
12/6/2019,NYSE,54.42,3,Buy,KO
12/9/2019,NASDAQ,67.91,5,Sell,TSLA
12/9/2019,NYSE,351.21,2,Sell,BA
12/9/2019,NYSE,54.07,2,Buy,KO
12/10/2019,NYSE,69.77,4,Buy,TSLA
12/10/2019,NASDAQ,347.90,2,Buy,BA
12/10/2019,NYSE,53.77,3,Sell,KO
12/11/2019,NASDAQ,70.54,3,Buy,TSLA
12/11/2019,NYSE,33.64,2,Buy,BAC
12/11/2019,NASDAQ,350.00,3,Buy,BA
12/11/2019,NASDAQ,53.95,4,Sell,KO
12/12/2019,NYSE,71.94,5,Sell,TSLA
12/12/2019,NASDAQ,34.68,2,Sell,BAC
12/12/2019,NYSE,346.29,2,Sell,BA
12/12/2019,NASDAQ,54.14,2,Buy,KO
12/13/2019,NYSE,71.68,5,Sell,TSLA
12/13/2019,NASDAQ,34.44,2,Sell,BAC
12/13/2019,NASDAQ,341.67,3,Sell,BA
12/13/2019,NYSE,54.42,5,Buy,KO
12/13/2019,NYSE,298.50,2,Sell,NFLX
12/16/2019,NYSE,76.30,5,Buy,TSLA
12/16/2019,NYSE,34.70,3,Buy,BAC
12/16/2019,NYSE,327.00,4,Buy,BA
12/16/2019,NASDAQ,54.42,5,Buy,KO
12/16/2019,NASDAQ,304.21,2,Sell,NFLX
12/17/2019,NASDAQ,75.80,3,Buy,TSLA
12/17/2019,NASDAQ,35.04,2,Buy,BAC
12/17/2019,NASDAQ,54.42,3,Buy,KO
12/17/2019,NASDAQ,315.48,1,Buy,NFLX
12/18/2019,NASDAQ,78.63,4,Sell,TSLA
12/18/2019,NYSE,35.11,3,Buy,BAC
12/18/2019,NASDAQ,53.91,5,Sell,KO
12/18/2019,NASDAQ,1784.03,4,Buy,AMZN
12/18/2019,NYSE,320.80,2,Buy,NFLX
12/19/2019,NYSE,80.81,6,Sell,TSLA
12/19/2019,NYSE,34.95,4,Sell,BAC
12/19/2019,NYSE,1792.28,2,Sell,AMZN
12/19/2019,NASDAQ,332.22,2,Sell,NFLX
12/20/2019,NASDAQ,81.12,5,Buy,TSLA
12/20/2019,NYSE,1786.50,2,Sell,AMZN
12/20/2019,NYSE,336.90,2,Sell,NFLX
12/23/2019,NASDAQ,83.84,4,Buy,TSLA
12/23/2019,NYSE,337.55,5,Buy,BA
12/23/2019,NASDAQ,1793.00,2,Buy,AMZN
12/23/2019,NYSE,333.10,5,Buy,NFLX
12/24/2019,NASDAQ,85.05,4,Buy,TSLA
12/24/2019,NYSE,333.00,5,Buy,BA
12/24/2019,NASDAQ,1789.21,2,Buy,AMZN
12/24/2019,NYSE,333.20,5,Buy,NFLX
12/26/2019,NYSE,86.19,4,Sell,TSLA
12/26/2019,NYSE,35.52,5,Sell,BAC
12/26/2019,NASDAQ,329.92,4,Sell,BA
12/26/2019,NYSE,1868.77,3,Buy,AMZN
12/26/2019,NASDAQ,332.63,3,Buy,NFLX
12/27/2019,NYSE,86.08,4,Sell,TSLA
12/27/2019,NASDAQ,35.35,5,Buy,BAC
12/27/2019,NASDAQ,330.14,3,Sell,BA
12/27/2019,NASDAQ,1869.80,2,Sell,AMZN
12/27/2019,NASDAQ,329.09,5,Sell,NFLX
12/30/2019,NASDAQ,82.94,2,Buy,TSLA
12/30/2019,NASDAQ,35.15,4,Sell,BAC
12/30/2019,NYSE,326.40,6,Buy,BA
12/30/2019,NYSE,1846.89,3,Sell,AMZN
12/30/2019,NYSE,323.31,4,Sell,NFLX
12/31/2019,NASDAQ,83.67,2,Sell,TSLA
12/31/2019,NYSE,35.22,3,Buy,BAC
12/31/2019,NASDAQ,325.76,10,Sell,BA
12/31/2019,NYSE,1847.84,4,Sell,AMZN
12/31/2019,NASDAQ,323.57,3,Buy,NFLX
1/2/2020,NYSE,86.05,2,Buy,TSLA
1/2/2020,NASDAQ,35.64,6,Buy,BAC
1/2/2020,NYSE,333.32,2,Buy,BA
1/2/2020,NYSE,1898.01,2,Buy,AMZN
1/2/2020,NASDAQ,329.81,5,Sell,NFLX
1/3/2020,NASDAQ,88.60,2,Buy,TSLA
1/3/2020,NYSE,34.90,10,Sell,BAC
1/3/2020,NYSE,332.76,4,Buy,BA
1/3/2020,NASDAQ,1874.97,5,Buy,AMZN
1/3/2020,NASDAQ,325.90,5,Buy,NFLX
1/6/2020,NYSE,90.31,3,Sell,TSLA
1/6/2020,NYSE,34.85,2,Sell,BAC
1/6/2020,NYSE,333.74,4,Sell,BA
1/6/2020,NASDAQ,1902.88,5,Sell,AMZN
1/6/2020,NYSE,335.83,5,Buy,NFLX
1/7/2020,NYSE,93.81,2,Sell,TSLA
1/7/2020,NYSE,34.62,4,Buy,BAC
1/7/2020,NASDAQ,337.28,6,Sell,BA
1/7/2020,NYSE,1906.86,3,Sell,AMZN
1/7/2020,NYSE,330.75,3,Sell,NFLX
1/8/2020,NYSE,98.43,3,Buy,TSLA
1/8/2020,NASDAQ,34.97,4,Buy,BAC
1/8/2020,NASDAQ,331.37,5,Buy,BA
1/8/2020,NASDAQ,1891.97,5,Buy,AMZN
1/8/2020,NASDAQ,339.26,4,Sell,NFLX
1/9/2020,NASDAQ,35.03,6,Sell,BAC
1/9/2020,NYSE,336.34,4,Buy,BA
1/9/2020,NYSE,1901.05,4,Buy,AMZN
1/9/2020,NASDAQ,335.66,6,Buy,NFLX
1/10/2020,NYSE,34.74,5,Sell,BAC
1/10/2020,NASDAQ,329.92,2,Sell,BA
1/10/2020,NYSE,55.53,4,Sell,KO
1/10/2020,NYSE,1883.16,3,Buy,AMZN
1/10/2020,NYSE,329.05,5,Buy,NFLX
1/13/2020,NASDAQ,35.06,4,Buy,BAC
1/13/2020,NASDAQ,330.22,2,Sell,BA
1/13/2020,NYSE,56.13,3,Buy,KO
1/13/2020,NYSE,1891.30,5,Sell,AMZN
1/13/2020,NASDAQ,338.92,4,Buy,NFLX
1/14/2020,NASDAQ,107.58,4,Buy,TSLA
1/14/2020,NASDAQ,35.32,2,Buy,BAC
1/14/2020,NASDAQ,332.35,2,Buy,BA
1/14/2020,NASDAQ,56.00,5,Buy,KO
1/14/2020,NASDAQ,1869.44,5,Sell,AMZN
1/14/2020,NYSE,338.69,4,Buy,NFLX
1/15/2020,NASDAQ,103.70,5,Sell,TSLA
1/15/2020,NYSE,56.70,5,Sell,KO
1/16/2020,NYSE,102.70,5,Sell,TSLA
1/16/2020,NYSE,34.72,2,Sell,BAC
1/16/2020,NYSE,56.82,5,Sell,KO
1/17/2020,NASDAQ,102.10,4,Buy,TSLA
1/17/2020,NASDAQ,34.71,2,Sell,BAC
1/17/2020,NYSE,56.94,3,Buy,KO
1/21/2020,NYSE,109.44,3,Buy,TSLA
1/21/2020,NYSE,34.26,1,Buy,BAC
1/21/2020,NYSE,313.37,2,Buy,BA
1/21/2020,NASDAQ,57.17,4,Buy,KO
1/22/2020,NYSE,113.91,6,Sell,TSLA
1/22/2020,NYSE,34.36,2,Sell,BAC
1/22/2020,NYSE,309.00,1,Buy,BA
1/22/2020,NASDAQ,57.61,6,Buy,KO
1/23/2020,NYSE,114.44,10,Buy,TSLA
1/23/2020,NYSE,34.12,2,Buy,BAC
1/23/2020,NASDAQ,317.79,2,Sell,BA
1/23/2020,NYSE,57.83,5,Sell,KO
1/24/2020,NASDAQ,112.96,2,Sell,TSLA
1/24/2020,NASDAQ,33.54,2,Buy,BAC
1/24/2020,NASDAQ,323.05,2,Sell,BA
1/24/2020,NASDAQ,57.68,4,Sell,KO
1/27/2020,NASDAQ,111.60,4,Buy,TSLA
1/27/2020,NYSE,316.60,2,Buy,BA
1/27/2020,NASDAQ,57.48,4,Buy,KO
1/27/2020,NASDAQ,1828.34,5,Buy,AMZN
1/28/2020,NYSE,113.38,4,Sell,TSLA
1/28/2020,NASDAQ,316.56,5,Sell,BA
1/28/2020,NASDAQ,57.01,4,Sell,KO
1/29/2020,NYSE,57.01,4,Buy,KO
1/29/2020,NYSE,343.16,4,Sell,NFLX
1/30/2020,NASDAQ,128.16,6,Buy,TSLA
1/30/2020,NYSE,323.30,5,Buy,BA
1/30/2020,NYSE,347.74,4,Sell,NFLX
1/31/2020,NASDAQ,130.11,5,Buy,TSLA
1/31/2020,NASDAQ,32.83,5,Sell,BAC
1/31/2020,NYSE,318.27,3,Buy,BA
1/31/2020,NASDAQ,345.09,2,Buy,NFLX
2/3/2020,NYSE,156.00,4,Sell,TSLA
2/3/2020,NYSE,32.97,5,Sell,BAC
2/3/2020,NYSE,316.00,5,Sell,BA
2/3/2020,NASDAQ,358.00,2,Buy,NFLX
2/4/2020,NYSE,177.41,2,Sell,TSLA
2/4/2020,NASDAQ,33.62,3,Buy,BAC
2/4/2020,NASDAQ,317.94,4,Sell,BA
2/4/2020,NYSE,2049.67,3,Sell,AMZN
2/4/2020,NYSE,369.01,2,Sell,NFLX
2/5/2020,NASDAQ,146.94,2,Buy,TSLA
2/5/2020,NASDAQ,34.71,5,Buy,BAC
2/5/2020,NASDAQ,329.55,3,Buy,BA
2/5/2020,NASDAQ,2039.87,4,Buy,AMZN
2/6/2020,NYSE,149.79,2,Buy,TSLA
2/6/2020,NASDAQ,34.67,4,Sell,BAC
2/6/2020,NYSE,341.43,5,Buy,BA
2/6/2020,NASDAQ,2050.23,6,Buy,AMZN
2/7/2020,NYSE,149.61,2,Sell,TSLA
2/7/2020,NASDAQ,336.75,5,Sell,BA
2/7/2020,NASDAQ,2079.28,5,Sell,AMZN
2/10/2020,NYSE,154.26,1,Sell,TSLA
2/10/2020,NYSE,344.67,5,Sell,BA
2/10/2020,NYSE,2133.91,4,Sell,AMZN
2/11/2020,NASDAQ,154.88,2,Buy,TSLA
2/11/2020,NYSE,344.42,3,Buy,BA
2/11/2020,NYSE,2150.80,4,Buy,AMZN
2/12/2020,NASDAQ,153.46,2,Buy,TSLA
2/12/2020,NYSE,34.92,3,Sell,BAC
2/12/2020,NYSE,347.45,4,Buy,BA
2/12/2020,NYSE,59.41,2,Buy,KO
2/12/2020,NASDAQ,2160.00,4,Buy,AMZN
2/13/2020,NYSE,160.80,2,Buy,TSLA
2/13/2020,NYSE,34.91,5,Buy,BAC
2/13/2020,NASDAQ,342.82,6,Sell,BA
2/13/2020,NASDAQ,59.61,2,Sell,KO
2/13/2020,NASDAQ,2149.87,4,Buy,AMZN
2/13/2020,NASDAQ,381.40,2,Sell,NFLX
2/14/2020,NASDAQ,160.01,5,Sell,TSLA
2/14/2020,NASDAQ,34.85,5,Buy,BAC
2/14/2020,NASDAQ,59.95,2,Sell,KO
2/14/2020,NYSE,2134.87,2,Buy,AMZN
2/14/2020,NYSE,380.40,3,Buy,NFLX
2/18/2020,NASDAQ,171.68,5,Sell,TSLA
2/18/2020,NASDAQ,34.27,5,Sell,BAC
2/18/2020,NYSE,59.53,2,Buy,KO
2/18/2020,NASDAQ,2155.67,2,Sell,AMZN
2/18/2020,NYSE,387.78,2,Buy,NFLX
2/19/2020,NASDAQ,183.48,3,Buy,TSLA
2/19/2020,NYSE,34.72,3,Buy,BAC
2/19/2020,NASDAQ,59.77,3,Buy,KO
2/19/2020,NYSE,2170.22,2,Sell,AMZN
2/19/2020,NYSE,386.19,3,Buy,NFLX
2/20/2020,NYSE,179.88,5,Sell,TSLA
2/20/2020,NASDAQ,34.85,4,Sell,BAC
2/20/2020,NASDAQ,336.28,5,Buy,BA
2/20/2020,NYSE,59.72,2,Buy,KO
2/20/2020,NYSE,2153.10,2,Buy,AMZN
2/20/2020,NASDAQ,386.00,4,Sell,NFLX
2/21/2020,NYSE,180.20,4,Buy,TSLA
2/21/2020,NYSE,34.36,6,Buy,BAC
2/21/2020,NYSE,330.38,4,Sell,BA
2/21/2020,NYSE,60.13,3,Buy,KO
2/21/2020,NYSE,2095.97,3,Buy,AMZN
2/21/2020,NASDAQ,380.07,5,Sell,NFLX
2/24/2020,NASDAQ,166.76,3,Buy,TSLA
2/24/2020,NYSE,32.73,5,Sell,BAC
2/24/2020,NASDAQ,317.90,4,Buy,BA
2/24/2020,NYSE,58.65,4,Sell,KO
2/24/2020,NASDAQ,2009.29,2,Sell,AMZN
2/24/2020,NYSE,368.70,5,Buy,NFLX
2/25/2020,NASDAQ,159.98,5,Sell,TSLA
2/25/2020,NYSE,31.08,4,Buy,BAC
2/25/2020,NASDAQ,304.14,4,Sell,BA
2/25/2020,NASDAQ,57.82,5,Sell,KO
2/25/2020,NASDAQ,360.09,4,Sell,NFLX
2/26/2020,NYSE,155.76,5,Sell,TSLA
2/26/2020,NASDAQ,30.63,4,Buy,BAC
2/26/2020,NASDAQ,305.59,4,Buy,BA
2/26/2020,NASDAQ,57.60,5,Buy,KO
2/26/2020,NASDAQ,379.24,3,Buy,NFLX
2/27/2020,NASDAQ,135.80,5,Buy,TSLA
2/27/2020,NASDAQ,29.13,4,Sell,BAC
2/27/2020,NASDAQ,371.71,6,Buy,NFLX
2/28/2020,NYSE,133.60,3,Buy,TSLA
2/28/2020,NYSE,28.50,4,Sell,BAC
2/28/2020,NYSE,369.03,10,Sell,NFLX
3/2/2020,NYSE,148.72,4,Sell,TSLA
3/3/2020,NYSE,149.10,6,Sell,TSLA
3/4/2020,NASDAQ,149.90,5,Buy,TSLA
3/4/2020,NYSE,283.12,2,Buy,BA
3/5/2020,NASDAQ,144.91,4,Buy,TSLA
3/5/2020,NYSE,260.37,2,Sell,BA
3/5/2020,NASDAQ,1924.03,3,Sell,AMZN
3/6/2020,NYSE,140.70,4,Buy,TSLA
3/6/2020,NASDAQ,25.71,2,Buy,BAC
3/6/2020,NASDAQ,262.33,2,Sell,BA
3/6/2020,NYSE,1901.09,4,Buy,AMZN
3/9/2020,NYSE,21.93,2,Buy,BAC
3/9/2020,NASDAQ,227.17,2,Buy,BA
3/9/2020,NASDAQ,1800.61,5,Buy,AMZN
3/10/2020,NYSE,23.61,2,Sell,BAC
3/10/2020,NYSE,231.01,3,Buy,BA
3/10/2020,NYSE,1891.82,5,Buy,AMZN
3/11/2020,NYSE,22.67,2,Sell,BAC
3/11/2020,NASDAQ,189.08,2,Sell,BA
3/11/2020,NYSE,1820.86,4,Sell,AMZN
3/12/2020,NASDAQ,20.51,3,Buy,BAC
3/12/2020,NYSE,154.84,3,Sell,BA
3/12/2020,NYSE,1676.61,3,Sell,AMZN
3/12/2020,NYSE,315.25,2,Sell,NFLX
3/13/2020,NASDAQ,109.32,4,Sell,TSLA
3/13/2020,NASDAQ,24.16,2,Buy,BAC
3/13/2020,NYSE,170.20,4,Buy,BA
3/13/2020,NASDAQ,1785.00,6,Buy,AMZN
3/13/2020,NASDAQ,336.30,4,Buy,NFLX
3/16/2020,NYSE,89.01,4,Sell,TSLA
3/16/2020,NASDAQ,129.61,5,Buy,BA
3/16/2020,NASDAQ,1689.15,10,Sell,AMZN
3/16/2020,NASDAQ,298.84,4,Buy,NFLX
3/17/2020,NYSE,86.04,2,Buy,TSLA
3/17/2020,NASDAQ,124.14,5,Buy,BA
3/17/2020,NYSE,1807.84,2,Buy,AMZN
3/17/2020,NYSE,319.75,6,Buy,NFLX
3/18/2020,NYSE,72.24,2,Sell,TSLA
3/18/2020,NYSE,101.89,4,Sell,BA
3/18/2020,NASDAQ,1830.00,4,Buy,AMZN
3/18/2020,NASDAQ,315.47,5,Buy,NFLX
3/19/2020,NASDAQ,85.53,2,Buy,TSLA
3/19/2020,NASDAQ,97.71,3,Sell,BA
3/19/2020,NYSE,41.83,4,Buy,KO
3/19/2020,NASDAQ,1880.93,4,Sell,AMZN
3/19/2020,NASDAQ,332.03,4,Sell,NFLX
3/20/2020,NASDAQ,85.51,2,Buy,TSLA
3/20/2020,NYSE,19.67,3,Buy,BAC
3/20/2020,NYSE,95.01,6,Buy,BA
3/20/2020,NASDAQ,38.30,3,Buy,KO
3/20/2020,NASDAQ,1846.09,6,Sell,AMZN
3/20/2020,NYSE,332.83,2,Sell,NFLX
3/23/2020,NYSE,86.86,3,Sell,TSLA
3/23/2020,NASDAQ,18.08,4,Sell,BAC
3/23/2020,NYSE,105.62,10,Sell,BA
3/23/2020,NYSE,37.56,6,Sell,KO
3/23/2020,NYSE,1902.83,5,Buy,AMZN
3/23/2020,NASDAQ,360.27,2,Buy,NFLX
3/24/2020,NASDAQ,21.03,5,Sell,BAC
3/24/2020,NYSE,127.68,2,Buy,BA
3/24/2020,NYSE,39.45,10,Buy,KO
3/24/2020,NYSE,1940.10,4,Buy,AMZN
3/24/2020,NYSE,357.32,2,Buy,NFLX
3/25/2020,NASDAQ,21.10,5,Buy,BAC
3/25/2020,NASDAQ,158.73,4,Buy,BA
3/25/2020,NYSE,41.61,2,Sell,KO
3/25/2020,NASDAQ,1885.84,2,Buy,AMZN
3/26/2020,NYSE,22.72,4,Sell,BAC
3/26/2020,NASDAQ,180.55,4,Sell,BA
3/26/2020,NASDAQ,44.29,4,Buy,KO
3/27/2020,NASDAQ,102.87,2,Sell,TSLA
3/27/2020,NYSE,21.60,3,Buy,BAC
3/27/2020,NYSE,162.00,6,Sell,BA
3/27/2020,NASDAQ,42.81,4,Buy,KO
3/30/2020,NASDAQ,100.43,3,Buy,TSLA
3/30/2020,NASDAQ,22.04,6,Buy,BAC
3/30/2020,NYSE,45.00,6,Sell,KO
3/31/2020,NASDAQ,104.80,4,Buy,TSLA
3/31/2020,NASDAQ,21.23,10,Sell,BAC
3/31/2020,NASDAQ,44.25,5,Buy,KO
4/1/2020,NYSE,96.31,5,Sell,TSLA
4/1/2020,NYSE,19.77,2,Sell,BAC
4/1/2020,NASDAQ,42.12,4,Sell,KO
4/2/2020,NYSE,90.89,5,Sell,TSLA
4/2/2020,NASDAQ,20.57,4,Buy,BAC
4/2/2020,NASDAQ,43.95,2,Sell,KO
4/3/2020,NASDAQ,96.00,4,Buy,TSLA
4/3/2020,NYSE,20.03,4,Buy,BAC
4/3/2020,NASDAQ,124.52,5,Buy,BA
4/3/2020,NYSE,43.83,2,Buy,KO
4/6/2020,NASDAQ,103.25,3,Buy,TSLA
4/6/2020,NASDAQ,148.77,4,Buy,BA
4/7/2020,NYSE,109.09,6,Sell,TSLA
4/7/2020,NASDAQ,141.58,2,Sell,BA
4/7/2020,NYSE,372.28,2,Buy,NFLX
4/8/2020,NASDAQ,109.77,10,Buy,TSLA
4/8/2020,NYSE,146.87,2,Sell,BA
4/8/2020,NYSE,371.12,1,Sell,NFLX
4/9/2020,NYSE,114.60,2,Sell,TSLA
4/9/2020,NYSE,151.84,2,Buy,BA
4/9/2020,NASDAQ,2042.76,2,Buy,AMZN
4/9/2020,NASDAQ,370.72,5,Buy,NFLX
4/13/2020,NYSE,130.19,4,Buy,TSLA
4/13/2020,NASDAQ,147.33,2,Buy,BA
4/13/2020,NYSE,2168.87,2,Sell,AMZN
4/13/2020,NASDAQ,396.72,5,Sell,NFLX
4/14/2020,NYSE,23.73,6,Sell,BAC
4/14/2020,NASDAQ,141.00,1,Sell,BA
4/14/2020,NASDAQ,2283.32,2,Sell,AMZN
4/14/2020,NYSE,413.55,3,Buy,NFLX
4/15/2020,NYSE,145.98,2,Sell,BA
4/15/2020,NASDAQ,2307.68,1,Buy,AMZN
4/15/2020,NASDAQ,426.75,3,Buy,NFLX
4/16/2020,NASDAQ,134.24,2,Buy,BA
4/16/2020,NYSE,2408.19,2,Buy,AMZN
4/17/2020,NYSE,150.78,4,Sell,TSLA
4/17/2020,NYSE,154.00,2,Sell,BA
4/17/2020,NASDAQ,2375.00,2,Buy,AMZN
4/20/2020,NASDAQ,149.27,6,Buy,TSLA
4/20/2020,NYSE,143.61,5,Buy,BA
4/20/2020,NYSE,2393.61,2,Sell,AMZN
4/21/2020,NASDAQ,137.34,5,Buy,TSLA
4/21/2020,NYSE,21.64,5,Sell,BAC
4/21/2020,NYSE,136.33,5,Buy,BA
4/21/2020,NYSE,2328.12,5,Buy,AMZN
4/22/2020,NYSE,146.42,4,Sell,TSLA
4/22/2020,NASDAQ,21.80,4,Buy,BAC
4/22/2020,NASDAQ,134.97,3,Sell,BA
4/22/2020,NYSE,2363.49,5,Sell,AMZN
4/23/2020,NASDAQ,141.13,2,Sell,TSLA
4/23/2020,NASDAQ,21.87,2,Buy,BAC
4/23/2020,NASDAQ,137.74,5,Sell,BA
4/23/2020,NASDAQ,2399.45,3,Buy,AMZN
4/24/2020,NYSE,145.03,2,Buy,TSLA
4/24/2020,NYSE,22.18,2,Buy,BAC
4/24/2020,NASDAQ,2410.22,5,Buy,AMZN
4/24/2020,NYSE,424.99,4,Sell,NFLX
4/27/2020,NYSE,159.75,2,Buy,TSLA
4/27/2020,NASDAQ,23.47,2,Sell,BAC
4/27/2020,NYSE,46.78,2,Buy,KO
4/27/2020,NYSE,2376.00,4,Sell,AMZN
4/27/2020,NYSE,421.38,6,Buy,NFLX
4/28/2020,NASDAQ,46.74,2,Buy,KO
4/28/2020,NASDAQ,2314.08,3,Buy,AMZN
4/28/2020,NYSE,403.83,10,Sell,NFLX
4/29/2020,NASDAQ,47.12,1,Sell,KO
4/29/2020,NASDAQ,411.89,2,Sell,NFLX
4/30/2020,NYSE,156.38,2,Sell,TSLA
4/30/2020,NYSE,141.02,4,Buy,BA
4/30/2020,NYSE,45.89,2,Sell,KO
4/30/2020,NASDAQ,419.85,4,Buy,NFLX
5/1/2020,NASDAQ,140.26,1,Sell,TSLA
5/1/2020,NYSE,23.08,2,Sell,BAC
5/1/2020,NASDAQ,133.37,3,Buy,BA
5/1/2020,NASDAQ,45.60,2,Sell,KO
5/1/2020,NYSE,415.27,4,Buy,NFLX
5/4/2020,NASDAQ,152.24,2,Buy,TSLA
5/4/2020,NYSE,22.93,1,Buy,BAC
5/4/2020,NASDAQ,131.46,5,Sell,BA
5/4/2020,NYSE,45.14,2,Buy,KO
5/4/2020,NYSE,2315.99,5,Sell,AMZN
5/4/2020,NASDAQ,428.15,6,Buy,NFLX
5/5/2020,NYSE,153.64,2,Buy,TSLA
5/5/2020,NYSE,22.66,2,Sell,BAC
5/5/2020,NASDAQ,125.40,5,Sell,BA
5/5/2020,NYSE,45.40,5,Buy,KO
5/5/2020,NYSE,2317.80,5,Sell,AMZN
5/5/2020,NASDAQ,424.68,5,Sell,NFLX
5/6/2020,NASDAQ,156.52,2,Buy,TSLA
5/6/2020,NASDAQ,22.35,2,Buy,BAC
5/6/2020,NYSE,121.86,5,Buy,BA
5/6/2020,NYSE,44.75,5,Sell,KO
5/6/2020,NYSE,2351.26,5,Buy,AMZN
5/7/2020,NASDAQ,156.01,5,Sell,TSLA
5/7/2020,NASDAQ,22.84,2,Buy,BAC
5/7/2020,NYSE,128.65,3,Buy,BA
5/7/2020,NASDAQ,44.60,3,Sell,KO
5/7/2020,NASDAQ,2367.61,3,Buy,AMZN
5/8/2020,NYSE,23.57,5,Sell,BAC
5/8/2020,NASDAQ,133.44,4,Sell,BA
5/8/2020,NASDAQ,46.11,5,Buy,KO
5/8/2020,NASDAQ,2379.61,4,Buy,AMZN
5/11/2020,NASDAQ,22.58,5,Sell,BAC
5/11/2020,NYSE,45.54,4,Buy,KO
5/11/2020,NYSE,2409.00,6,Sell,AMZN
5/12/2020,NASDAQ,21.87,3,Buy,BAC
5/12/2020,NASDAQ,44.82,3,Buy,KO
5/12/2020,NASDAQ,2356.95,5,Sell,AMZN
5/13/2020,NASDAQ,20.87,5,Buy,BAC
5/13/2020,NYSE,43.94,5,Sell,KO
5/14/2020,NYSE,122.52,6,Buy,BA
5/15/2020,NASDAQ,159.83,5,Sell,TSLA
5/15/2020,NYSE,120.00,5,Sell,BA
5/15/2020,NASDAQ,454.19,4,Sell,NFLX
5/18/2020,NYSE,162.73,3,Buy,TSLA
5/18/2020,NYSE,135.44,4,Buy,BA
5/18/2020,NYSE,452.58,2,Sell,NFLX
5/19/2020,NYSE,161.60,5,Sell,TSLA
5/19/2020,NASDAQ,130.44,4,Sell,BA
5/19/2020,NYSE,451.04,2,Buy,NFLX
5/20/2020,NYSE,22.91,4,Sell,BAC
5/20/2020,NASDAQ,133.32,4,Buy,BA
5/20/2020,NASDAQ,447.67,2,Buy,NFLX
5/21/2020,NYSE,22.90,3,Sell,BAC
5/21/2020,NYSE,139.00,4,Buy,BA
5/21/2020,NASDAQ,436.25,2,Sell,NFLX
5/22/2020,NASDAQ,22.66,5,Buy,BAC
5/22/2020,NASDAQ,137.53,2,Sell,BA
5/22/2020,NYSE,429.32,1,Sell,NFLX
5/26/2020,NASDAQ,163.77,4,Buy,TSLA
5/26/2020,NASDAQ,24.28,5,Buy,BAC
5/26/2020,NASDAQ,144.73,2,Sell,BA
5/27/2020,NASDAQ,164.05,3,Buy,TSLA
5/27/2020,NYSE,25.98,5,Sell,BAC
5/27/2020,NASDAQ,149.52,2,Buy,BA
5/27/2020,NASDAQ,2410.39,4,Sell,AMZN
5/28/2020,NYSE,161.16,5,Sell,TSLA
5/28/2020,NASDAQ,24.86,3,Buy,BAC
5/28/2020,NYSE,149.82,2,Buy,BA
5/28/2020,NASDAQ,2401.10,4,Buy,AMZN
5/29/2020,NASDAQ,167.00,5,Sell,TSLA
5/29/2020,NYSE,24.12,4,Sell,BAC
5/29/2020,NYSE,145.85,3,Sell,BA
5/29/2020,NYSE,2442.37,4,Buy,AMZN
6/1/2020,NYSE,179.62,5,Buy,TSLA
6/1/2020,NYSE,24.61,6,Buy,BAC
6/1/2020,NASDAQ,151.39,2,Sell,BA
6/1/2020,NYSE,2471.04,4,Sell,AMZN
6/2/2020,NYSE,176.31,3,Buy,TSLA
6/2/2020,NASDAQ,153.31,3,Buy,BA
6/2/2020,NYSE,46.90,5,Sell,KO
6/2/2020,NASDAQ,2472.41,2,Sell,AMZN
6/3/2020,NYSE,176.59,4,Sell,TSLA
6/3/2020,NYSE,47.90,5,Buy,KO
6/3/2020,NASDAQ,2478.40,2,Buy,AMZN
6/4/2020,NASDAQ,47.92,3,Sell,KO
6/4/2020,NYSE,2460.60,2,Buy,AMZN
6/4/2020,NASDAQ,414.33,2,Buy,NFLX
6/5/2020,NYSE,28.11,5,Sell,BAC
6/5/2020,NASDAQ,49.09,4,Buy,KO
6/5/2020,NASDAQ,2483.00,2,Buy,AMZN
6/5/2020,NYSE,419.60,2,Buy,NFLX
6/8/2020,NYSE,49.85,6,Buy,KO
6/8/2020,NYSE,2524.06,3,Sell,AMZN
6/8/2020,NYSE,419.49,2,Buy,NFLX
6/9/2020,NASDAQ,188.13,6,Sell,TSLA
6/9/2020,NASDAQ,49.00,5,Sell,KO
6/9/2020,NYSE,2600.86,2,Sell,AMZN
6/9/2020,NYSE,434.05,5,Sell,NFLX
6/10/2020,NASDAQ,205.01,5,Buy,TSLA
6/10/2020,NYSE,203.41,4,Buy,BA
6/10/2020,NASDAQ,48.62,4,Sell,KO
6/10/2020,NYSE,2647.45,3,Buy,AMZN
6/10/2020,NASDAQ,434.48,5,Sell,NFLX
6/11/2020,NYSE,194.57,4,Buy,TSLA
6/11/2020,NASDAQ,23.93,4,Buy,BAC
6/11/2020,NASDAQ,170.00,5,Buy,BA
6/11/2020,NASDAQ,2557.96,4,Sell,AMZN
6/11/2020,NASDAQ,425.56,5,Buy,NFLX
6/12/2020,NASDAQ,187.06,4,Buy,TSLA
6/12/2020,NASDAQ,24.78,4,Buy,BAC
6/12/2020,NYSE,189.51,5,Sell,BA
6/12/2020,NASDAQ,2545.02,5,Buy,AMZN
6/12/2020,NYSE,418.07,5,Sell,NFLX
6/15/2020,NYSE,198.18,4,Sell,TSLA
6/15/2020,NYSE,25.15,4,Sell,BAC
6/15/2020,NYSE,190.94,4,Sell,BA
6/15/2020,NYSE,2572.68,5,Buy,AMZN
6/15/2020,NASDAQ,425.50,5,Buy,NFLX
6/16/2020,NYSE,196.43,4,Sell,TSLA
6/16/2020,NASDAQ,25.80,4,Sell,BAC
6/16/2020,NYSE,197.77,3,Buy,BA
6/16/2020,NASDAQ,2615.27,4,Sell,AMZN
6/16/2020,NYSE,436.13,3,Buy,NFLX
6/17/2020,NYSE,25.00,2,Buy,BAC
6/17/2020,NASDAQ,192.54,6,Sell,BA
6/17/2020,NYSE,2640.98,3,Sell,AMZN
6/17/2020,NYSE,447.77,4,Sell,NFLX
6/18/2020,NYSE,200.79,2,Buy,TSLA
6/18/2020,NYSE,25.04,2,Buy,BAC
6/18/2020,NASDAQ,192.29,10,Buy,BA
6/19/2020,NASDAQ,200.18,2,Sell,TSLA
6/19/2020,NYSE,187.02,2,Buy,BA
6/22/2020,NASDAQ,198.86,2,Buy,TSLA
6/22/2020,NASDAQ,188.52,4,Sell,BA
6/23/2020,NYSE,200.36,2,Buy,TSLA
6/23/2020,NYSE,187.88,4,Sell,BA
6/24/2020,NASDAQ,192.17,3,Sell,TSLA
6/24/2020,NYSE,23.81,2,Sell,BAC
6/24/2020,NYSE,176.69,6,Buy,BA
6/24/2020,NASDAQ,44.65,4,Buy,KO
6/25/2020,NASDAQ,197.20,2,Sell,TSLA
6/25/2020,NASDAQ,24.72,2,Sell,BAC
6/25/2020,NYSE,44.93,4,Buy,KO
6/25/2020,NYSE,2754.58,6,Buy,AMZN
6/26/2020,NASDAQ,23.15,3,Buy,BAC
6/26/2020,NYSE,43.57,4,Buy,KO
6/26/2020,NYSE,2692.87,10,Buy,AMZN
6/29/2020,NYSE,23.39,2,Buy,BAC
6/29/2020,NASDAQ,44.36,2,Buy,KO
6/29/2020,NASDAQ,2680.38,2,Buy,AMZN
6/29/2020,NYSE,447.24,6,Sell,NFLX
6/30/2020,NASDAQ,23.75,3,Buy,BAC
6/30/2020,NASDAQ,44.68,2,Sell,KO
6/30/2020,NASDAQ,2758.82,4,Buy,AMZN
6/30/2020,NASDAQ,455.04,5,Buy,NFLX
7/1/2020,NASDAQ,223.93,3,Buy,TSLA
7/1/2020,NASDAQ,23.26,4,Sell,BAC
7/1/2020,NYSE,180.32,5,Buy,BA
7/1/2020,NYSE,44.82,2,Sell,KO
7/1/2020,NYSE,2878.70,4,Sell,AMZN
7/1/2020,NASDAQ,485.64,4,Buy,NFLX
7/2/2020,NYSE,241.73,4,Buy,TSLA
7/2/2020,NASDAQ,23.29,5,Sell,BAC
7/2/2020,NASDAQ,180.81,4,Sell,BA
7/2/2020,NASDAQ,44.88,2,Buy,KO
7/2/2020,NASDAQ,2890.30,6,Sell,AMZN
7/2/2020,NYSE,476.89,4,Buy,NFLX
7/6/2020,NYSE,274.32,5,Sell,TSLA
7/6/2020,NYSE,23.66,5,Buy,BAC
7/6/2020,NASDAQ,187.91,2,Sell,BA
7/6/2020,NYSE,45.23,3,Buy,KO
7/6/2020,NASDAQ,3057.04,5,Buy,AMZN
7/6/2020,NASDAQ,493.81,4,Buy,NFLX
7/7/2020,NASDAQ,277.97,5,Sell,TSLA
7/7/2020,NYSE,23.01,4,Sell,BAC
7/7/2020,NYSE,178.88,2,Buy,BA
7/7/2020,NYSE,45.21,2,Sell,KO
7/7/2020,NASDAQ,493.16,4,Sell,NFLX
7/8/2020,NASDAQ,273.18,4,Buy,TSLA
7/8/2020,NASDAQ,23.10,3,Buy,BAC
7/8/2020,NYSE,45.07,3,Sell,KO
7/8/2020,NASDAQ,502.78,2,Sell,NFLX
7/9/2020,NYSE,278.86,3,Buy,TSLA
7/9/2020,NASDAQ,43.91,4,Buy,KO
7/9/2020,NYSE,507.76,2,Buy,NFLX
7/10/2020,NASDAQ,308.93,6,Sell,TSLA
7/10/2020,NASDAQ,45.15,5,Buy,KO
7/10/2020,NYSE,548.73,2,Buy,NFLX
7/13/2020,NYSE,299.41,10,Buy,TSLA
7/13/2020,NASDAQ,24.19,6,Buy,BAC
7/13/2020,NYSE,45.25,5,Buy,KO
7/13/2020,NASDAQ,3104.00,4,Buy,AMZN
7/13/2020,NASDAQ,525.50,2,Sell,NFLX
7/14/2020,NYSE,24.14,10,Sell,BAC
7/14/2020,NYSE,3084.00,2,Sell,AMZN
7/15/2020,NASDAQ,24.60,2,Sell,BAC
7/15/2020,NASDAQ,187.94,2,Buy,BA
7/15/2020,NYSE,3008.87,2,Sell,AMZN
7/16/2020,NASDAQ,178.70,2,Buy,BA
7/17/2020,NYSE,300.17,2,Sell,TSLA
7/17/2020,NYSE,23.22,4,Buy,BAC
7/17/2020,NASDAQ,175.66,1,Sell,BA
7/20/2020,NYSE,328.60,4,Sell,TSLA
7/20/2020,NYSE,23.58,6,Sell,BAC
7/20/2020,NYSE,174.42,2,Sell,BA
7/21/2020,NASDAQ,24.42,5,Sell,BAC
7/21/2020,NYSE,178.63,2,Buy,BA
7/22/2020,NASDAQ,318.47,4,Buy,TSLA
7/22/2020,NASDAQ,24.31,4,Buy,BAC
7/22/2020,NASDAQ,489.82,3,Sell,NFLX
7/23/2020,NASDAQ,302.61,6,Buy,TSLA
7/23/2020,NYSE,24.54,2,Buy,BAC
7/23/2020,NASDAQ,2986.55,2,Buy,AMZN
7/23/2020,NYSE,477.58,2,Buy,NFLX
7/24/2020,NYSE,283.40,5,Buy,TSLA
7/24/2020,NASDAQ,24.35,2,Buy,BAC
7/24/2020,NASDAQ,173.76,2,Sell,BA
7/24/2020,NASDAQ,3008.91,2,Buy,AMZN
7/27/2020,NYSE,24.14,2,Sell,BAC
7/27/2020,NASDAQ,170.21,5,Buy,BA
7/27/2020,NYSE,3055.21,1,Buy,AMZN
7/28/2020,NASDAQ,295.30,4,Sell,TSLA
7/28/2020,NYSE,24.36,2,Sell,BAC
7/28/2020,NYSE,170.84,5,Buy,BA
7/28/2020,NASDAQ,3000.33,5,Sell,AMZN
7/29/2020,NYSE,299.82,2,Sell,TSLA
7/29/2020,NASDAQ,48.02,4,Sell,KO
7/29/2020,NYSE,3033.53,5,Sell,AMZN
7/30/2020,NYSE,297.50,2,Buy,TSLA
7/30/2020,NYSE,47.69,3,Sell,KO
7/31/2020,NYSE,47.24,6,Buy,KO
8/3/2020,NYSE,297.00,2,Buy,TSLA
8/3/2020,NASDAQ,162.27,3,Sell,BA
8/3/2020,NYSE,46.30,10,Sell,KO
8/4/2020,NASDAQ,297.40,2,Sell,TSLA
8/4/2020,NYSE,25.01,1,Buy,BAC
8/4/2020,NYSE,165.07,5,Sell,BA
8/4/2020,NASDAQ,46.69,2,Buy,KO
8/4/2020,NASDAQ,509.64,3,Buy,NFLX
8/5/2020,NASDAQ,25.39,2,Sell,BAC
8/5/2020,NYSE,174.28,4,Buy,BA
8/5/2020,NASDAQ,47.22,4,Buy,KO
8/5/2020,NYSE,3205.03,3,Buy,AMZN
8/5/2020,NYSE,502.11,4,Buy,NFLX
8/6/2020,NASDAQ,297.92,1,Sell,TSLA
8/6/2020,NASDAQ,25.47,2,Buy,BAC
8/6/2020,NYSE,172.20,3,Buy,BA
8/6/2020,NYSE,47.48,4,Sell,KO
8/6/2020,NYSE,3225.00,3,Sell,AMZN
8/6/2020,NYSE,509.08,2,Sell,NFLX
8/7/2020,NYSE,290.54,2,Buy,TSLA
8/7/2020,NYSE,26.11,2,Buy,BAC
8/7/2020,NASDAQ,47.80,6,Sell,KO
8/7/2020,NASDAQ,3167.46,4,Buy,AMZN
8/7/2020,NYSE,494.73,5,Sell,NFLX
8/10/2020,NASDAQ,283.71,2,Buy,TSLA
8/10/2020,NASDAQ,26.56,5,Sell,BAC
8/10/2020,NASDAQ,47.72,5,Buy,KO
8/10/2020,NASDAQ,3148.16,6,Buy,AMZN
8/11/2020,NASDAQ,274.88,2,Buy,TSLA
8/11/2020,NASDAQ,26.92,5,Sell,BAC
8/11/2020,NYSE,180.13,5,Sell,BA
8/11/2020,NYSE,3080.67,10,Sell,AMZN
8/12/2020,NASDAQ,310.95,5,Sell,TSLA
8/12/2020,NASDAQ,175.44,5,Sell,BA
8/12/2020,NASDAQ,3162.24,2,Sell,AMZN
8/13/2020,NYSE,324.20,5,Sell,TSLA
8/13/2020,NASDAQ,174.73,5,Buy,BA
8/13/2020,NYSE,3161.02,4,Buy,AMZN
8/14/2020,NYSE,330.14,3,Buy,TSLA
8/14/2020,NYSE,178.08,3,Buy,BA
8/17/2020,NASDAQ,367.13,5,Sell,TSLA
8/17/2020,NASDAQ,25.90,3,Buy,BAC
8/17/2020,NASDAQ,172.01,4,Sell,BA
8/17/2020,NASDAQ,482.35,5,Buy,NFLX
8/18/2020,NASDAQ,377.42,4,Buy,TSLA
8/18/2020,NYSE,25.53,5,Buy,BAC
8/18/2020,NASDAQ,170.23,6,Buy,BA
8/18/2020,NASDAQ,491.87,3,Sell,NFLX
8/19/2020,NYSE,375.71,3,Buy,TSLA
8/19/2020,NYSE,25.50,4,Sell,BAC
8/19/2020,NASDAQ,169.27,5,Sell,BA
8/19/2020,NYSE,3260.48,4,Buy,AMZN
8/19/2020,NYSE,484.53,5,Buy,NFLX
8/20/2020,NASDAQ,400.37,5,Sell,TSLA
8/20/2020,NASDAQ,25.10,3,Sell,BAC
8/20/2020,NYSE,169.58,4,Buy,BA
8/20/2020,NYSE,3297.37,6,Buy,AMZN
8/20/2020,NASDAQ,497.90,4,Buy,NFLX
8/21/2020,NYSE,410.00,5,Sell,TSLA
8/21/2020,NASDAQ,24.98,5,Buy,BAC
8/21/2020,NASDAQ,47.28,4,Buy,KO
8/24/2020,NYSE,402.84,5,Buy,TSLA
8/24/2020,NYSE,25.69,5,Buy,BAC
8/24/2020,NYSE,47.97,2,Buy,KO
8/25/2020,NYSE,404.67,3,Buy,TSLA
8/25/2020,NYSE,47.91,2,Buy,KO
8/25/2020,NASDAQ,3346.49,5,Buy,AMZN
8/25/2020,NYSE,490.58,3,Sell,NFLX
8/26/2020,NASDAQ,430.63,4,Sell,TSLA
8/26/2020,NYSE,171.90,3,Sell,BA
8/26/2020,NASDAQ,48.16,2,Sell,KO
8/26/2020,NASDAQ,3441.85,4,Sell,AMZN
8/26/2020,NYSE,547.53,5,Sell,NFLX
8/27/2020,NASDAQ,447.75,6,Sell,TSLA
8/27/2020,NASDAQ,174.20,3,Buy,BA
8/27/2020,NASDAQ,48.23,2,Sell,KO
8/27/2020,NYSE,3400.00,2,Sell,AMZN
8/27/2020,NYSE,526.27,5,Buy,NFLX
8/28/2020,NYSE,442.68,5,Buy,TSLA
8/28/2020,NASDAQ,26.30,2,Sell,BAC
8/28/2020,NASDAQ,175.80,4,Buy,BA
8/28/2020,NYSE,49.83,1,Buy,KO
8/28/2020,NASDAQ,3401.80,2,Buy,AMZN
8/28/2020,NASDAQ,523.89,5,Buy,NFLX